,0
0,SBI Fixed Maturity Plan (FMP) - Series 92 (91 Days)
1,ICICI Prudential Transportation and Logistics Fund
2,HSBC Aggressive Hybrid Fund
3,Nippon India Pharma Fund
4,Kotak Debt Hybrid Fund
5,ICICI Prudential Child Care Fund (Gift Plan)
6,DSP Healthcare Fund
7,ICICI Prudential Technology Fund
8,ICICI Prudential Short Term Fund
9,Parag Parikh ELSS Tax Saver Fund
10,Navi US Total Stock Market Fund of Fund
11,Nippon India Nifty SDL Plus G-Sec - Jun 2028 Maturity 70:30 Index Fund
12,Mahindra Manulife Small Cap Fund
13,ICICI Prudential Medium Term Bond Fund
14,ICICI Prudential Asset Allocator Fund (FOF)
15,Sundaram Mid Cap Fund
16,Sundaram Short Duration Fund
17,Axis Fixed Term Plan - Series 113 (1228 Days)
18,Bajaj Finserv Banking and PSU Fund
19,360 ONE Liquid Fund
20,HSBC Flexi Cap Fund
21,Franklin India Short Term Income Plan
22,SBI Banking and PSU Fund
23,UTI Nifty Next 50 Index Fund
24,Groww Overnight Fund
25,ICICI Prudential Nifty PSU Bond Plus SDL Sep 2027 40:60 Index Fund
26,UTI Nifty Midcap 150 Quality 50 Index Fund
27,Bandhan US Equity Fund of Fund
28,HDFC Banking & Financial Services Fund
29,Franklin India Overnight Fund
30,DSP World Gold Fund of Fund
31,Nippon India Fixed Horizon Fund - XLIV - Series 4
32,SBI Multicap Fund
33,ICICI Prudential Equity-Arbitrage Fund
34,Bajaj Finserv Flexi Cap Fund
35,Bandhan Government Securities Fund - Constant Maturity Plan
36,Aditya Birla Sun Life Nifty SDL Sep 2027 Index Fund
37,Tata Overnight Fund
38,Mirae Asset Money Market Fund
39,SBI Fixed Maturity Plan (FMP) Series 50 (1843 Days)
40,HDFC Floating Rate Debt Fund
41,HDFC Overnight Fund
42,Motilal Oswal Ultra Short Term Fund
43,DSP World Mining Fund
44,Tata Silver ETF Fund of Fund
45,Motilal Oswal S&P BSE Quality Index Fund
46,TRUSTMF Money Market Fund
47,HDFC Dynamic PE Ratio Fund of Funds
48,HDFC Corporate Bond Fund
49,Axis Gold Fund
50,Canara Robeco Mid Cap Fund
51,WhiteOak Capital Multi Cap Fund
52,ITI Banking & PSU Debt Fund
53,Aditya Birla Sun Life Regular Savings Fund
54,Aditya Birla Sun Life Retirement Fund - The 40s Plan
55,Sundaram Large and Mid Cap Fund
56,
57,TRUSTMF Overnight Fund
58,ICICI Prudential Global Stable Equity Fund (FOF)
59,HSBC Banking and PSU Debt Fund
60,ICICI Prudential Banking & PSU Debt Fund
61,TRUSTMF Banking & PSU Fund
62,SBI Fixed Maturity Plan (FMP) - Series 61 (1927 Days)
63,Motilal Oswal Nasdaq 100 Fund of Fund
64,DSP Credit Risk Fund
65,Nippon India Vision Fund
66,ICICI Prudential Business Cycle Fund
67,Bandhan Arbitrage Fund
68,ICICI Prudential Constant Maturity Gilt Fund
69,HDFC Dynamic Debt Fund
70,SBI Fixed Maturity Plan (FMP) Series 42 (1857 Days)
71,Sundaram Nifty 100 Equal Weight Fund
72,Tata Nifty500 Multicap India Manufacturing 50:30:20 Index Fund
73,Nippon India Nifty Alpha Low Volatility 30 Index Fund
74,Union Children's Fund
75,Axis CRISIL IBX 70:30 CPSE Plus SDL April 2025 Index Fund
76,Union Focused Fund
77,Axis Short Term Fund
78,ICICI Prudential Manufacturing Fund
79,Parag Parikh Liquid Fund
80,WhiteOak Capital Banking & Financial Services Fund
81,Motilal Oswal 5 Year G-Sec Fund of Fund
82,Bandhan Financial Services Fund
83,ITI Overnight Fund
84,Aditya Birla Sun Life Flexi Cap Fund
85,Axis Nifty Bank Index Fund
86,Axis Greater China Equity Fund of Fund
87,DSP CRISIL SDL Plus G-Sec Apr 2033 50:50 Index Fund
88,Axis Midcap Fund
89,Invesco India Corporate Bond Fund
90,SBI Fixed Maturity Plan (FMP) - Series 67 (1467 Days)
91,Kotak Gilt Fund
92,Edelweiss Nifty 50 Index Fund
93,Mahindra Manulife Overnight Fund
94,Mahindra Manulife Multi Cap Fund
95,Quant Large & Mid Cap Fund
96,Axis Corporate Debt Fund
97,Kotak Nifty SDL Jul 2028 Index Fund
98,Franklin India ELSS Tax Saver Fund
99,HDFC FMP 1158D July 2022
100,SBI Magnum Medium Duration Fund
101,Invesco India Low Duration Fund
102,Quant Small Cap Fund
103,DSP Top 100 Equity Fund
104,Sundaram Medium Term Bond Fund
105,HSBC Nifty Next 50 Index Fund
106,Kotak FMP Series 310
107,Mahindra Manulife Arbitrage Fund
108,ICICI Prudential US Bluechip Equity Fund
109,Invesco India Midcap Fund
110,Nippon India Gilt Securities Fund
111,Nippon India Focused Equity Fund
112,ICICI Prudential Long Term Bond Fund
113,Baroda BNP Paribas Multi Asset Fund
114,UTI Equity Savings Fund
115,Edelweiss MSCI India Domestic & World Healthcare 45 Index Fund
116,ICICI Prudential Nifty 100 Low Volatility 30 ETF FOF
117,Mirae Asset Flexi Cap Fund
118,DSP Midcap Fund
119,Bandhan Bond Fund - Short Term Plan
120,Bandhan CRISIL IBX Gilt April 2028 Index Fund
121,Tata Nifty Auto Index Fund
122,Nippon India Ultra Short Duration Fund
123,Helios Overnight Fund
124,Groww Value Fund
125,LIC MF Infrastructure Fund
126,Sundaram Ultra Short Duration Fund
127,HDFC Nifty G-sec Dec 2026 Index Fund
128,LIC MF S&P BSE Sensex Index Fund
129,Sundaram Long Term Micro Cap Tax Advantage Fund Series IV
130,Bandhan ELSS Tax Saver Fund
131,Sundaram Low Duration Fund
132,NJ Flexi Cap Fund
133,Taurus Banking & Financial Services Fund
134,Aditya Birla Sun Life ELSS Tax Saver Fund
135,Invesco India Short Duration Fund
136,Edelweiss Balanced Advantage Fund
137,Sundaram Large Cap Fund
138,Aditya Birla Sun Life Fixed Term Plan - Series UJ (1110 days)
139,Kotak Global Innovation Fund of Fund
140,SBI CPSE Bond Plus SDL Sep 2026 50:50 Index Fund
141,Axis Ultra Short Term Fund
142,Mirae Asset Great Consumer Fund
143,LIC MF Dividend Yield Fund
144,Motilal Oswal Nifty Bank Index Fund
145,Aditya Birla Sun Life Fixed Term Plan - Series TJ (1838 days)
146,Franklin India Corporate Debt Fund
147,Tata Multicap Fund
148,NJ Balanced Advantage Fund
149,UTI Money Market Fund
150,Edelweiss Nifty 100 Quality 30 Index Fund
151,Baroda BNP Paribas Overnight Fund
152,Quantum Gold Saving Fund
153,Union Largecap Fund
154,Groww Banking & Financial Services Fund
155,Bank of India Short Term Income Fund
156,Edelweiss US Technology Equity Fund of Fund
157,Taurus Infrastructure Fund
158,Tata Large Cap Fund
159,UTI Nifty200 Momentum 30 Index Fund
160,
161,Axis Nifty SDL September 2026 Debt Index Fund
162,HDFC FMP 2638D February 2023
163,Franklin India Feeder - Templeton European Opportunities Fund
164,Union Money Market Fund
165,HSBC Balanced Advantage Fund
166,HDFC Nifty SDL Oct 2026 Index Fund
167,Aditya Birla Sun Life Banking & PSU Debt Fund
168,Baroda BNP Paribas Dynamic Bond Fund
169,Tata Nifty G-Sec Dec 2026 Index Fund
170,Kotak Multi Asset Allocation Fund
171,SBI Fixed Maturity Plan (FMP) - Series 73 (1226 Days)
172,Nippon India Innovation Fund
173,Tata NIFTY 50 Index Fund
174,Tata Money Market Fund
175,Mirae Asset Corporate Bond Fund
176,Tata Dividend Yield Fund
177,Baroda BNP Paribas Business Cycle Fund
178,Kotak Equity Savings Fund
179,UTI Dividend Yield Fund
180,Aditya Birla Sun Life Infrastructure Fund
181,Navi Nifty Next 50 Index Fund
182,Aditya Birla Sun Life Liquid Fund
183,ICICI Prudential Balanced Advantage Fund
184,Mirae Asset Ultra Short Duration Fund
185,HDFC Income Fund
186,ITI Flexi Cap Fund
187,ITI ELSS Tax Saver Fund
188,Edelweiss CRISIL PSU Plus SDL 50:50 Oct 2025 Index Fund
189,
190,Edelweiss Mid Cap Fund
191,SBI Long Term Advantage Fund - Series IV
192,SBI Magnum Children's Benefit Fund - Investment Plan
193,Sundaram Flexi Cap Fund
194,Bandhan Transportation and Logistics Fund
195,PGIM India Flexi Cap Fund
196,Mirae Asset Multi Asset Allocation Fund
197,SBI Flexicap Fund
198,Bandhan CRISIL IBX 90:10 SDL Plus Gilt - November 2026 Index Fund
199,Bank of India Ultra Short Duration Fund
200,Motilal Oswal S&P BSE Low Volatility Index Fund
201,SBI Magnum Global Fund
202,Invesco India - Invesco Global Equity Income Fund of Fund
203,Nippon India Interval Fund-Quarterly Interval Fund-Series-I
204,Tata Nifty Realty Index Fund
205,JM Flexicap Fund
206,Kotak FMP Series 327
207,SBI Blue Chip Fund
208,Baroda BNP Paribas Flexi Cap Fund
209,ICICI Prudential Global Advantage Fund (FOF)
210,Edelweiss CRISIL IBX 50:50 Gilt Plus SDL Short Duration Index Fund
211,ICICI Prudential Fixed Maturity Plan - Series 85 - 10 Years Plan I
212,Quant Infrastructure Fund
213,UTI Flexi Cap Fund
214,Bandhan Multi Asset Allocation Fund
215,Edelweiss CRISIL IBX 50:50 Gilt Plus SDL Sep 2028 Index Fund
216,Groww Nifty Total Market Index Fund
217,HDFC Flexi Cap Fund
218,Tata India Consumer Fund
219,Edelweiss CRISIL IBX 50:50 Gilt Plus SDL June 2027 Index Fund
220,Tata Banking and Financial Services Fund
221,Baroda BNP Paribas Aqua Fund of Fund
222,ICICI Prudential Income Optimizer Fund(FOF)
223,SBI Long Term Advantage Fund - Series II
224,ICICI Prudential Gilt Fund
225,Motilal Oswal Asset Allocation Passive Fund of Fund - Conservative
226,Baroda BNP Paribas Ultra Short Duration Fund
227,Templeton India Equity Income Fund
228,SBI Retirement Benefit Fund - Conservative Hybrid Plan
229,Axis Equity Hybrid Fund
230,SBI Balanced Advantage Fund
231,Canara Robeco Liquid Fund
232,SBI Liquid Fund
233,Aditya Birla Sun Life Focused Fund
234,TRUSTMF Corporate Bond Fund
235,Kotak Technology Fund
236,JM Midcap Fund
237,Nippon India Fixed Horizon Fund - XLIV - Series 1
238,Axis Long Duration Fund
239,Tata Liquid Fund
240,Sundaram Long Term Micro Cap Tax Advantage Fund Series V
241,Nippon India Fixed Maturity Plan - XLVI - Series 1
242,Canara Robeco Value Fund
243,Axis Children's Gift Fund
244,ICICI Prudential Money Market Fund
245,Edelweiss Flexi Cap Fund
246,Aditya Birla Sun Life Fixed Maturity Plan - Series US (100 days)
247,Tata Arbitrage Fund
248,UTI Low Duration Fund
249,Quant Gilt Fund
250,Aditya Birla Sun Life India GenNext Fund
251,Nippon India Corporate Bond Fund
252,Aditya Birla Sun Life CRISIL IBX 60:40 SDL + AAA PSU - Apr 2025 Index Fund
253,Edelweiss Equity Savings Fund
254,Mirae Asset Short Duration Fund
255,UTI Gilt Fund
256,DSP Gilt Fund
257,Kotak Money Market Fund
258,Aditya Birla Sun Life Government Securities Fund
259,ICICI Prudential Flexicap Fund
260,SBI Conservative Hybrid Fund
261,Bandhan Fixed Term Plan - Series 179
262,Quant Flexi Cap Fund
263,Axis Quant Fund
264,UTI Medium to Long Duration Fund
265,SBI Long Term Advantage Fund - Series I
266,DSP 10Y G-Sec Fund
267,Helios Flexi Cap Fund
268,HDFC Dividend Yield Fund
269,Aditya Birla Sun Life Global Excellence Equity Fund of Fund
270,Axis CRISIL IBX 50:50 Gilt Plus SDL September 2027 Index Fund
271,Axis Bluechip Fund
272,Baroda BNP Paribas Credit Risk Fund
273,UTI Overnight Fund
274,360 ONE ELSS Tax Saver Nifty 50 Index Fund
275,DSP Natural Resources and New Energy Fund
276,Mirae Asset Nifty India Manufacturing ETF Fund of Fund
277,Quant PSU Fund
278,Tata India Pharma & Healthcare Fund
279,HDFC Small Cap Fund
280,Bandhan Banking & PSU Debt Fund
281,Axis Regular Saver Fund
282,Sundaram Long Term Tax Advantage Fund Series-II
283,HDFC Capital Builder Value Fund
284,Nippon India Gilt Securities Fund
285,Nippon India Power & Infra Fund
286,Motilal Oswal Nifty 50 Index Fund
287,UTI Silver ETF Fund of Fund
288,Nippon India Interval Fund-Monthly Interval Fund-Series-II
289,HDFC Defence Fund
290,Edelweiss Nifty PSU Bond Plus SDL Apr 2027 50:50 Index Fund
291,HDFC MNC Fund
292,HDFC Large and Mid Cap Fund
293,Invesco India Aggressive Hybrid Fund
294,ICICI Prudential ELSS Tax Saver Fund
295,SBI Fixed Maturity Plan (FMP) - Series 64 (1169 Days)
296,UTI Dynamic Bond Fund
297,SBI Long Term Advantage Fund - Series III
298,Franklin India Pension Plan
299,UTI Conservative Hybrid Fund
300,Motilal Oswal Quant Fund(G)-Direct Plan
301,Sundaram Corporate Bond Fund
302,Tata Infrastructure Fund
303,quant ESG Equity Fund
304,Quant Mid Cap Fund
305,Kotak Balanced Advantage Fund
306,Kotak Nifty SDL Apr 2027 Top 12 Equal Weight Index Fund
307,Tata Ethical Fund
308,ICICI Prudential Strategic Metal and Energy Equity Fund of Fund
309,HDFC Retirement Savings Fund - Hybrid-Equity Plan
310,Aditya Birla Sun Life US Treasury 1-3 year Bond ETFs Fund of Funds
311,Franklin India Debt Hybrid Fund
312,Motilal Oswal Balanced Advantage Fund
313,Invesco India Largecap Fund
314,SBI Fixed Maturity Plan (FMP) Series 47 (1434 Days)
315,Reliance Fixed Horizon Fund - XXIX - Series 5
316,Invesco India - Invesco Pan European Equity Fund of Fund
317,Quantum Small Cap Fund
318,IL&FS Infrastructure Debt Fund - Series 3-B
319,Mirae Asset Aggressive Hybrid Fund
320,SBI Magnum Equity ESG Fund
321,Aditya Birla Sun Life Small Cap Fund
322,Bandhan CRISIL IBX 90:10 SDL Plus Gilt - September 2027 Index Fund
323,Baroda BNP Paribas Innovation Fund
324,WhiteOak Capital Balanced Advantage Fund
325,Kotak All Weather Debt FoF
326,Union Midcap Fund
327,Kotak Global Emerging Market Fund
328,
329,BHARAT Bond FOF - April 2025
330,ICICI Prudential Credit Risk Fund
331,Nippon India Nifty Smallcap 250 Index Fund
332,SBI Small Cap Fund
333,ICICI Prudential Dividend Yield Equity Fund
334,Tata Equity Savings Fund
335,HDFC Nifty G-Sec Jul 2031 Index Fund
336,LIC MF Children's Gift Fund
337,Axis CRISIL IBX SDL June 2034 Debt Index Fund
338,Mahindra Manulife Multi Asset Allocation Fund
339,DSP Regular Savings Fund
340,Kotak FMP Series 308
341,
342,Samco Overnight Fund
343,Reliance Fixed Horizon Fund - XXVII - Series 12
344,SBI Fixed Maturity Plan - Series 6 - 3668 Days
345,Nippon India Banking & Financial Services Fund
346,Nippon India Silver ETF Fund of Fund
347,Baroda BNP Paribas Arbitrage Fund
348,HDFC Index Fund - S&P BSE Sensex Plan
349,Kotak Fixed Maturity Plan Series 330 - 98 days
350,SBI Large & Midcap Fund
351,Bank of India Multi Cap Fund
352,Reliance Fixed Horizon Fund - XXVIII - Series 15
353,Axis Fixed Term Plan - Series 112 (1143 Days)
354,
355,HDFC Hybrid Debt Fund
356,UTI Nifty SDL Plus AAA PSU Bond Apr 2028 75:25 Index Fund
357,Union Innovation & Opportunities Fund
358,Mirae Asset NYSE FANG+ETF Fund of Fund
359,SBI Multi Asset Allocation Fund
360,LIC MF Conservative Hybrid Fund
361,Bandhan Nifty200 Momentum 30 Index Fund
362,Edelweiss Technology Fund
363,Bandhan Low Duration Fund
364,Quant Focused Fund
365,Union Business Cycle Fund
366,SBI Fixed Maturity Plan (FMP) Series 43 (1616 Days)
367,SBI Equity Minimum Variance Fund
368,Sundaram Debt Oriented Hybrid Fund
369,Axis Dynamic Bond Fund
370,Kotak FMP Series 326
371,Nippon India Hybrid Bond Fund
372,Bandhan Innovation Fund
373,Quantum ELSS Tax Saver Fund
374,PGIM India Large Cap Fund
375,ICICI Prudential Nifty Smallcap 250 Index Fund
376,Bank of India Conservative Hybrid Fund
377,Navi Overnight Fund
378,Motilal Oswal Nifty 500 Index Fund
379,Bank of India Flexi Cap Fund
380,Helios Financial Services Fund(G)-Direct Plan
381,Bandhan All Seasons Bond Fund
382,Aditya Birla Sun Life CRISIL IBX SDL Jun 2032 Index Fund
383,UTI Quarterly Interval Fund - I
384,Canara Robeco Focused Equity Fund
385,AXIS Small Cap Fund
386,DSP World Energy Fund
387,Tata Quant Fund
388,ICICI Prudential Long Term Wealth Enhancement Fund
389,Nippon India Nifty SDL Plus G-Sec - Jun 2029 Maturity 70:30 Index Fund
390,Nippon India Nivesh Lakshya Fund
391,Aditya Birla Sun Life Money Manager Fund
392,UTI Small Cap Fund
393,SBI Overnight Fund
394,Kotak FMP Series 292
395,Invesco India ESG Equity Fund
396,Mirae Asset Banking and Financial Services Fund
397,Union Fixed Maturity Plan - Series 13 (1114 days)
398,UTI Fixed Term Income Fund - Series XXXV - II (1223 days)
399,Edelweiss US Value Equity Offshore Fund
400,Nippon India Hybrid Bond Fund - Segregated Portfolio 2
401,SBI Contra Fund
402,LIC MF Gold ETF Fund of Fund
403,Tata Retirement Savings Fund Progresive Plan
404,SBI Automotive Opportunities Fund
405,HDFC Nifty G-Sec Sep 2032 Index Fund
406,Axis CRISIL IBX 50:50 Gilt Plus SDL June 2028 Index Fund
407,PGIM India Balanced Advantage Fund
408,HSBC Arbitrage Fund
409,Kotak Gold Fund
410,ICICI Prudential Innovation Fund
411,Nippon India Balanced Advantage Fund
412,Mirae Asset Nifty AAA PSU Bond Plus SDL Apr 2026 50:50 Index Fund
413,Mahindra Manulife Mid Cap Fund
414,Invesco India Infrastructure Fund
415,Tata Housing Opportunities Fund
416,Nippon India Nifty G-Sec Oct 2028 Maturity Index Fund
417,TRUSTMF Liquid Fund
418,DSP Quant Fund
419,Aditya Birla Sun Life Pure Value Fund
420,Axis Global Innovation Fund of Fund
421,DSP Focus Fund
422,Shriram Overnight Fund
423,Mahindra Manulife Focused Fund
424,Mahindra Manulife Liquid Fund
425,HDFC Medium Term Debt Fund
426,HDFC Multi-Asset Fund
427,UTI Healthcare Fund
428,DSP Global Allocation Fund of Fund
429,Sundaram Financial Services Opportunities Fund
430,Tata CRISIL IBX Gilt Index - April 2026 Index Fund
431,Nippon India Equity Hybrid Fund - Segregated Portfolio 2
432,Parag Parikh Dynamic Asset Allocation Fund
433,Quant ELSS Tax Saver Fund
434,SBI Magnum Midcap Fund
435,Kotak Banking & Financial Services Fund
436,Quant Quantamental Fund
437,Nippon India Large Cap Fund
438,ICICI Prudential Passive Strategy Fund (FOF)
439,Motilal Oswal Equity Hybrid Fund
440,Bajaj Finserv Balanced Advantage Fund
441,Axis India Manufacturing Fund
442,HDFC Arbitrage Fund
443,Nippon India Growth Fund
444,Kotak Floating Rate Fund
445,UTI Large Cap Fund
446,SBI PSU Fund
447,TRUSTMF Short Duration Fund
448,UTI Long Duration Fund
449,Aditya Birla Sun Life Income Fund
450,Aditya Birla Sun Life Medium Term Plan
451,Edelweiss Overnight Fund
452,Navi ELSS Tax Saver Fund
453,ITI Multi-Cap Fund
454,SBI CRISIL IBX Gilt Index - April 2029 Fund
455,JM Aggressive Hybrid Fund
456,WhiteOak Capital Liquid Fund
457,SBI Fixed Maturity Plan (FMP) - Series 91 (90 Days)
458,ICICI Prudential Nifty LargeMidcap 250 Index Fund
459,Groww Largecap Fund
460,Kotak Fixed Maturity Plan Series 300
461,Aditya Birla Sun Life Low Duration Fund
462,HDFC Money Market Fund
463,Groww Short Duration Fund
464,HDFC Short Term Debt Fund
465,Baroda BNP Paribas Value Fund
466,HDFC ELSS Tax saver
467,Motilal Oswal Focused Fund
468,360 ONE Flexicap Fund
469,Tata Nifty Midcap 150 Momentum 50 Index Fund
470,Nippon India Equity Hybrid Fund
471,Baroda BNP Paribas Liquid Fund
472,Edelweiss Money Market Fund
473,Axis Retirement Savings Fund - Dynamic Plan
474,LIC MF Multi Cap Fund
475,HDFC Retirement Savings Fund - Equity Plan
476,ITI Ultra Short Duration Fund
477,Nippon India US Equity Opportunities Fund
478,Axis Equity ETFs FoF
479,Bandhan Infrastructure Fund
480,HDFC FMP 1162D March 2022
481,Tata Nifty MidSmall Healthcare Index Fund
482,Groww Dynamic Bond Fund
483,HDFC Banking and PSU Debt Fund
484,Canara Robeco Bluechip Equity Fund
485,Bandhan CRISIL IBX Gilt April 2026 Index Fund
486,Aditya Birla Sun Life CRISIL IBX 60:40 SDL + AAA PSU - Apr 2027 Index Fund
487,HDFC Focused 30 Fund
488,Bank of India Credit Risk Fund
489,Aditya Birla Sun Life PSU Equity Fund
490,Edelweiss Government Securities Fund
491,Invesco India Banking and PSU Fund
492,JM Value Fund
493,DSP Liquidity Fund
494,HSBC Large & Mid Cap Fund
495,UTI Corporate Bond Fund
496,UTI India Consumer Fund
497,Groww Arbitrage Fund
498,Aditya Birla Sun Life Business Cycle Fund
499,ICICI Prudential Nifty 200 Momentum 30 Index Fund
500,Nippon India Nifty IT Index Fund
501,BHARAT Bond FOF - April 2030
502,Tata Gold ETF Fund of Fund
503,LIC MF Nifty Next 50 Index Fund
504,LIC MF Banking & PSU Debt Fund
505,WhiteOak Capital ELSS Tax Saver Fund
506,UTI Nifty SDL Plus AAA PSU Bond Apr 2026 75:25 Index Fund
507,Kotak Nifty SDL Apr 2032 Top 12 Equal Weight Index Fund
508,Sundaram Liquid Fund
509,UTI Liquid Fund
510,SBI Focused Equity Fund
511,Nippon India Index Fund - S&P BSE Sensex Plan
512,Invesco India Nifty G-sec Sep 2032 Index Fund
513,Sundaram Long Term Micro Cap Tax Advantage Fund Series VI
514,SBI TAX ADVANTAGE FUND - SERIES III
515,Axis Global Equity Alpha Fund of Fund
516,HDFC Index Fund-NIFTY 50 Plan
517,Axis Value Fund
518,Tata Focused Equity Fund
519,SBI Magnum Ultra Short Duration Fund
520,Union Balanced Advantage Fund
521,Union Large & Midcap Fund
522,Navi NASDAQ 100 Fund of Fund
523,Baroda BNP Paribas Equity Savings Fund
524,WhiteOak Capital Balanced Hybrid Fund
525,SBI CRISIL IBX Gilt Index - June 2036 Fund
526,Shriram Balanced Advantage Fund
527,ICICI Prudential Overnight Fund
528,Nippon India Multi Cap Fund
529,JM Medium to Long Duration Fund
530,Aditya Birla Sun Life Arbitrage Fund
531,Franklin India Multi-Asset Solution Fund of Funds
532,PGIM India Ultra Short Duration Fund
533,Tata Nifty Financial Services Index Fund
534,Bandhan Money Manager Fund
535,Motilal Oswal Large & Midcap Fund
536,Reliance Fixed Horizon Fund - XXIX - Series 11
537,Union Value Fund
538,Mirae Asset Banking and PSU Fund
539,Bajaj Finserv Liquid Fund
540,HDFC Housing Opportunities Fund
541,Bandhan Large Cap Fund
542,360 ONE Balanced Hybrid Fund
543,HDFC NIFTY 100 Equal Weight Index Fund
544,Union Arbitrage Fund
545,Invesco India - Invesco Global Consumer Trends Fund of Fund
546,Quant Consumption Fund
547,
548,360 ONE Focused Equity Fund
549,ICICI Prudential Bond Fund
550,HSBC Medium to Long Duration Fund Fund
551,Aditya Birla Sun Life Pharma & Healthcare Fund
552,Bajaj Finserv Multi Asset Allocation Fund
553,SBI Corporate Bond Fund
554,Quantum Nifty 50 ETF
555,Aditya Birla Sun Life NASDAQ 100 FOF
556,Axis US Treasury Dynamic Bond ETF Fund of Fund
557,Kotak Quant Fund
558,Aditya Birla Sun Life Active Debt Multi Manager FoF Scheme
559,Mirae Asset Multicap Fund
560,Kotak Nifty G-Sec July 2033 Index Fund
561,PGIM India Dynamic Bond Fund
562,HSBC Multi Cap Fund
563,Bandhan Focused Equity Fund
564,Tata Resources & Energy Fund
565,Baroda BNP Paribas Banking and PSU Bond Fund
566,Sundaram Services Fund
567,Mahindra Manulife Manufacturing Fund(G)-Direct Plan
568,Invesco India Gold ETF Fund of Fund
569,Kotak Bond Short Term Fund
570,Bank of India Arbitrage Fund
571,Aditya Birla Sun Life Manufacturing Equity Fund
572,DSP Floater Fund
573,SBI Fixed Maturity Plan (FMP) - Series 72 (1239 Days)
574,Kotak Manufacture in India Fund
575,Union Retirement Fund
576,Motilal Oswal Midcap Fund
577,HDFC FMP 1861D March 2022
578,Zerodha ELSS Tax Saver Nifty LargeMidcap 250 Index Fund
579,TRUSTMF Flexi Cap Fund
580,Axis Floater Fund
581,ICICI Prudential Nifty SDL Sep 2027 Index Fund
582,HDFC Gilt Fund
583,PGIM India ELSS Tax Saver Fund
584,ICICI Prudential Nifty Alpha Low - Volatility 30 ETF FOF
585,Axis Nifty Smallcap 50 Index Fund
586,HDFC Hybrid Equity Fund
587,DSP World Agriculture Fund
588,Navi Nifty India Manufacturing Index Fund
589,ITI Banking & Financial Services Fund
590,Bank of India Mid & Small Cap Equity & Debt Fund
591,HDFC Silver ETF Fund of Fund
592,Baroda BNP Paribas Floater Fund
593,Kotak ESG Exclusionary Strategy Fund
594,UTI Annual Interval Fund - I
595,Axis Silver Fund of Fund
596,Nippon India Interval Fund-Monthly Interval Fund-Series-I
597,Reliance Fixed Horizon Fund - XXVIII - Series 16
598,Aditya Birla Sun Life Silver ETF Fund of Fund
599,DSP NIFTY Next 50 Index Fund
600,Franklin India Banking & PSU Debt Fund
601,Bandhan Asset Allocation Fund Of Fund - Conservative Plan
602,ICICI Prudential Fixed Maturity Plan - Series 88 - 1226 days Plan F
603,Nippon India Small Cap Fund
604,SBI Fixed Maturity Plan (FMP) Series 53 (1839 Days)
605,Invesco India Medium Duration Fund
606,ICICI Prudential Smallcap Fund
607,Aditya Birla Sun Life US Treasury 3-10 year Bond ETFs Fund of Funds
608,Axis Multicap Fund
609,360 ONE Quant Fund
610,Aditya Birla Sun Life International Equity Fund
611,Aditya Birla Sun Life Banking and Financial Services Fund
612,LIC MF Flexi Cap Fund
613,Edelweiss Europe Dynamic Equity Off-shore Fund
614,SBI Short Term Debt Fund
615,Navi ELSS Tax Saver Nifty 50 Index Fund
616,SBI Long Term Equity Fund
617,Mirae Asset Equity Savings Fund
618,SBI Fixed Maturity Plan - Series 1 - 3668 Days
619,Kotak Corporate Bond Fund
620,Invesco India Credit Risk Fund
621,Franklin India Balanced Advantage Fund
622,SBI Nifty Next 50 Index Fund
623,Bandhan Ultra Short Term Fund
624,Baroda BNP Paribas Mid Cap Fund
625,Edelweiss Focused Fund
626,HSBC Credit Risk Fund
627,Bank of India Liquid Fund
628,Franklin India Credit Risk Fund - Segregated Portfolio 3
629,Bandhan Nifty IT Index Fund
630,SBI Credit Risk Fund
631,Bajaj Finserv Large and Mid Cap Fund
632,ICICI Prudential PSU Equity Fund
633,Shriram Multi Asset Allocation Fund
634,UTI Multi Asset Allocation Fund
635,Sundaram Long Term Micro Cap Tax Advantage Fund Series III
636,Tata Young Citizens Fund
637,Axis ELSS Tax Saver Fund
638,Kotak Nifty 50 Index Fund
639,PGIM India Gilt Fund
640,Tata Flexi Cap Fund
641,SBI Energy Opportunities Fund
642,Tata Nifty India Digital ETF Fund of Fund
643,Canara Robeco Consumer Trends Fund
644,Canara Robeco Gilt Fund
645,Invesco India Gilt Fund
646,Nippon India Fixed Horizon Fund - XLIII - Series 1
647,Invesco India Balanced Advantage Fund
648,Navi Flexi Cap Fund
649,Navi Conservative Hybrid Fund
650,Tata Ultra Short Term Fund
651,Mahindra Manulife ELSS Tax Saver Fund
652,Sundaram ELSS Tax Saver Fund
653,Bandhan Liquid Fund
654,LIC MF Equity Savings Fund
655,Aditya Birla Sun Life CRISIL IBX Gilt - April 2026 Index Fund
656,
657,Bandhan Hybrid Equity Fund
658,Bajaj Finserv Overnight Fund
659,UTI CRISIL SDL Maturity April 2033 Index Fund
660,DSP Equity Savings Fund
661,Kotak Overnight Fund
662,UTI Innovation Fund
663,Baroda BNP Paribas Large & Mid Cap Fund
664,DSP Corporate Bond Fund
665,Taurus Mid Cap Fund
666,Canara Robeco Ultra Short Term Fund
667,HDFC NIFTY200 Momentum 30 Index Fund
668,ICICI Prudential Nifty Next 50 Index Fund
669,JM Overnight Fund
670,Quant Teck Fund
671,Quant Dynamic Asset Allocation Fund
672,Nippon India Interval Fund-Quarterly Interval Fund Serie-II
673,LIC MF Nifty 50 Index Fund
674,Groww Nifty Smallcap 250 Index Fund
675,HDFC NIFTY Realty Index Fund
676,Invesco India Focused Fund
677,Kotak Pioneer Fund
678,Nippon India Asset Allocator FoF
679,Kotak Nifty SDL Plus AAA PSU Bond Jul 2028 60:40 Index Fund
680,Sundaram Multi Asset Allocation Fund
681,LIC MF Ultra Short Duration Fund
682,Canara Robeco Liquid Fund
683,ICICI Prudential ESG Exclusionary Strategy Fund
684,HDFC FMP 1876D March 2022
685,Mahindra Manulife Equity Savings Fund
686,Nippon India Equity Hybrid Fund - Segregated Portfolio 1
687,ICICI Prudential Bharat 22 FOF
688,Groww Aggressive Hybrid Fund
689,Aditya Birla Sun Life CRISIL IBX Gilt Apr 2028 Index Fund
690,ITI Focused Equity Fund
691,SBI Healthcare Opportunities Fund
692,UTI Credit Risk Fund
693,UTI Mid Cap Fund
694,Kotak Fixed Maturity Plan Series 304
695,Aditya Birla Sun Life Nifty Midcap 150 Index Fund
696,Bandhan Midcap Fund
697,HDFC S&P BSE 500 Index Fund
698,HSBC Nifty 50 Index Fund
699,Nippon India Nifty AAA CPSE Bond Plus SDL - Apr 2027 Maturity 60:40 Index Fund
700,ITI Balanced Advantage Fund
701,ICICI Prudential Midcap Fund
702,Mirae Asset Nifty Smallcap 250 Momentum Quality 100 ETF Fund of Fund
703,Nippon India Japan Equity Fund
704,Franklin India Government Securities Fund
705,
706,HSBC Brazil Fund
707,Samco Active Momentum Fund
708,Bandhan Credit Risk Fund
709,Motilal Oswal ELSS Tax Saver Fund
710,Edelweiss Large Cap Fund
711,SBI Savings Fund
712,Franklin India Feeder - Franklin U.S. Opportunities Fund
713,HSBC Midcap Fund
714,Samco Flexi Cap Fund
715,Invesco India Flexi Cap Fund
716,Motilal Oswal Multi Cap Fund(G)-Direct Plan
717,PGIM India Hybrid Equity Fund
718,Sundaram Aggressive Hybrid Fund
719,Kotak Small Cap Fund
720,Axis Strategic Bond Fund
721,Motilal Oswal Large Cap Fund
722,Kotak NIFTY 100 Low Volatility 30 Index Fund(G)-Direct Plan
723,Axis Business Cycles Fund
724,
725,WhiteOak Capital Flexi Cap Fund
726,HSBC CRISIL IBX 50:50 Gilt Plus SDL Apr 2028 Index Fund
727,LIC MF Focused 30 Equity Fund
728,Quant Manufacturing Fund
729,PGIM India Money Market Fund - Segregated Portfolio 1
730,Bandhan Nifty Alpha 50 Index Fund
731,HSBC Large Cap Fund
732,Aditya Birla Sun Life Long Duration Fund
733,UTI Quarterly Interval Fund - II
734,Union Dynamic Bond Fund
735,Mahindra Manulife Asia Pacific REITs FOF
736,Bandhan Overnight Fund
737,
738,Kotak Multi Asset Allocator Fund of Fund - Dynamic
739,ICICI Prudential Infrastructure Fund
740,Nippon India Credit Risk Fund - Segregated Portfolio 2
741,Mirae Asset Equity Allocator Fund of Fund
742,Kotak Flexicap Fund
743,Aditya Birla Sun Life Nifty SDL Plus PSU Bond Sep 2026 60:40 Index Fund
744,Aditya Birla Sun Life Retirement Fund - The 50s Plan
745,UTI S&P BSE Low Volatility Index Fund
746,Kotak Nifty SDL Jul 2026 Index Fund
747,Edelweiss ELSS Tax saver Fund
748,Shriram ELSS Tax Saver Fund
749,JM Dynamic Bond Fund
750,Axis Nifty 50 Index Fund
751,Axis Nifty Next 50 Index Fund
752,ITI Liquid Fund
753,DSP US Flexible Equity Fund
754,UTI Fixed Term Income Fund - Series XXXV - IIi (1176 days)
755,Tata Short Term Bond Fund
756,UTI Banking & PSU Fund
757,Aditya Birla Sun Life Special Opportunities Fund
758,UTI MNC Fund
759,SBI Technology Opportunities Fund
760,Bandhan CRISIL IBX 90:10 SDL Plus Gilt - April 2032 Index Fund
761,Union Overnight Fund
762,Quantum Nifty 50 ETF Fund of Fund
763,Aditya Birla Sun Life Savings Fund
764,Sundaram Balanced Advantage Fund
765,WhiteOak Capital Pharma and Healthcare Fund
766,ICICI Prudential Large & Mid Cap Fund
767,JM Small Cap Fund(G)-Direct Plan
768,HSBC CRISIL IBX Gilt June 2027 Index Fund
769,Invesco India Equity Savings Fund
770,Kotak Bond Fund
771,Franklin India Equity Advantage Fund
772,Aditya Birla Sun Life Retirement Fund - The 30s Plan
773,Quantum Liquid Fund
774,Bandhan Nifty100 Low Volatility 30 Index Fund
775,quant Overnight Fund
776,Invesco India Nifty G-sec Sep 2027 Index Fund
777,Kotak Nifty AAA Bond Jun 2025 HTM Index Fund
778,HSBC Short Duration Fund
779,Axis Special Situations Fund
780,Aditya Birla Sun Life Nifty Next 50 Index Fund
781,Franklin India Bluechip Fund
782,Aditya Birla Sun Life Equity Advantage Fund
783,Tata Mid Cap Growth Fund
784,Taurus Flexi Cap Fund
785,
786,Quant Value Fund
787,SBI Long Term Advantage Fund - Series VI
788,Sundaram Global Brand Fund
789,Union Gilt Fund
790,Invesco India Contra Fund
791,Nippon India Fixed Horizon Fund - XLIII - Series 5
792,PGIM India CRISIL IBX Gilt Index - Apr 2028 Fund
793,Nippon India Interval Fund Annual Interval Fund Series-I
794,HDFC NIFTY G-Sec Jun 2036 Index Fund
795,HSBC Asia Pacific (Ex Japan) Dividend Yield Fund
796,Tata ELSS Tax Saver Fund
797,Canara Robeco Corporate Bond Fund
798,ICICI Prudential Nifty Bank Index Fund
799,Edelweiss NIFTY Large Mid Cap 250 Index Fund
800,ICICI Prudential Exports and Services Fund
801,Aditya Birla Sun Life Nifty SDL Sep 2025 Index Fund
802,Bandhan Government Securities Fund - Investment Plan
803,SBI Long Duration Fund
804,Aditya Birla Sun Life Asset Allocator FoF
805,Bank of India Bluechip Fund
806,ICICI Prudential Quant Fund
807,Franklin India Equity Savings Fund
808,Bank of India Midcap Tax Fund - Series 1
809,Navi Aggressive Hybrid Fund
810,ICICI Prudential Nifty Pharma Index Fund
811,SBI Gold Fund
812,Quantum Dynamic Bond Fund
813,Axis Multi Asset Allocation Fund
814,
815,ICICI Prudential Nifty SDL Sep 2026 Index Fund
816,SBI Nifty50 Equal Weight Index Fund
817,ICICI Prudential Commodities Fund
818,ICICI Prudential Debt Management Fund (FOF)
819,ITI Arbitrage Fund
820,HDFC Technology Fund
821,PGIM India Money Market Fund
822,Edelweiss Recently Listed IPO Fund
823,Edelweiss Banking and PSU Debt Fund
824,UTI Credit Risk Fund (Segregated - 06032020)
825,Kotak Dynamic Bond Fund
826,Aditya Birla Sun Life Overnight Fund
827,Nippon India Taiwan Equity Fund
828,Aditya Birla Sun Life Financial Planning FOF Aggressive Plan
829,Mahindra Manulife Business Cycle Fund
830,Sundaram Equity Savings Fund
831,PGIM India Global Equity Opportunities Fund
832,ITI Large Cap Fund
833,UTI CRISIL SDL Maturity June 2027 Index Fund
834,UTI S&P BSE Sensex Index Fund
835,SBI Fixed Maturity Plan (FMP) - Series 59 (1618 Days)
836,Aditya Birla Sun Life Fixed Term Plan - Series TI (1837 days)
837,Canara Robeco Savings Fund
838,Edelweiss Nifty Smallcap 250 Index Fund
839,HSBC Managed Solutions India - Growth
840,HDFC FMP 1359D September 2022
841,Aditya Birla Sun Life CRISIL IBX AAA Mar 2024 Index Fund
842,Tata Nifty G-Sec Dec 2029 Index Fund
843,ICICI Prudential Overnight Fund
844,Motilal Oswal Multi Asset Fund
845,Bandhan Asset Allocation Fund Of Fund - Aggressive Plan
846,Union Flexi Cap Fund
847,Bandhan Balanced Advantage Fund
848,Union Medium Duration Fund
849,Aditya Birla Sun Life Credit Risk Fund
850,UTI-Transportation and Logistics Fund
851,HSBC Equity Savings Fund
852,Kotak Low Duration Fund
853,DSP Value Fund
854,HSBC Global Emerging Markets Fund
855,Nippon India Equity Savings Fund
856,Mirae Asset Dynamic Bond Fund
857,Edelweiss Arbitrage Fund
858,Nippon India Multi Asset Fund
859,Kotak Fixed Maturity Plan Series 329 - 90 days
860,Taurus Large Cap Fund
861,Canara Robeco Income Fund
862,Sundaram Money Market Fund
863,Canara Robeco ELSS Tax Saver
864,
865,Axis Flexi Cap Fund
866,Nippon India Retirement Fund - Income Generation Scheme
867,HSBC Tax Saver Equity Fund
868,Quantum Equity Fund of Fund
869,Baroda BNP Paribas Balanced Advantage Fund
870,Bajaj Finserv Arbitrage Fund
871,Nippon India Fixed Horizon Fund - XLV - Series 4
872,ICICI Prudential Overnight Fund
873,Aditya Birla Sun Life Transportation and Logistics Fund
874,Axis CRISIL IBX SDL May 2027 Index Fund
875,Franklin India Dynamic Accrual Fund - Segregated Portfolio 3
876,DSP Overnight Fund
877,DSP ELSS Tax Saver Fund
878,Nippon India Interval Fund-Quarterly Interval Fund-Series-III
879,Motilal Oswal Nifty Next 50 Index Fund
880,TRUSTMF Fixed Maturity Plan - Series II (1196 Days)
881,Nippon India Short Term Fund
882,Edelweiss Gr China Eq Off-Shore Fund
883,Axis ESG Integration Strategy Fund
884,HDFC Manufacturing Fund
885,ICICI Prudential Savings Fund
886,HSBC Conservative Hybrid Fund
887,Kotak Infrastructure and Economic Reform Fund
888,Tata Corporate Bond Fund
889,Mirae Asset Nifty SDL Jun 2027 Index Fund
890,Aditya Birla Sun Life MNC Fund
891,Edelweiss Nifty Midcap150 Momentum 50 Index Fund
892,HSBC Liquid Fund
893,
894,Aditya Birla Sun Life Nifty 50 Index Fund
895,UTI Medium Duration Fund
896,Sundaram Focused Fund
897,DSP Nifty SDL Plus G-Sec Sep 2027 50:50 Index Fund
898,Baroda BNP Paribas Short Duration Fund
899,Edelweiss Nifty Next 50 Index Fund
900,PGIM India Midcap Opportunities Fund
901,Bandhan US Treasury Bond 0-1 year Fund of Fund
902,Union Corporate Bond Fund
903,HDFC Retirement Savings Fund - Hybrid-Debt Plan
904,Invesco India Liquid Fund
905,Nippon India Credit Risk Fund
906,Parag Parikh Arbitrage Fund
907,UTI Annual Interval Fund - II
908,Aditya Birla Sun Life Government Securities Fund
909,Kotak India EQ Contra Fund
910,HDFC Multi Cap Fund
911,HSBC Global Equity Climate Change Fund of Fund
912,LIC MF Money Market Fund
913,Samco Dynamic Asset Allocation Fund
914,SBI Fixed Maturity Plan (FMP) Series 57 (1835 Days)
915,SBI Magnum Children's Benefit Fund - Savings Plan
916,ICICI Prudential Nifty50 Value 20 Index Fund
917,LIC MF Overnight Fund
918,HDFC Transportation and Logistics Fund
919,Nippon India Index Fund - Nifty 50 Plan
920,HDFC Infrastructure Fund
921,Nippon India Nifty Next 50 Junior BeES FoF
922,Aditya Birla Sun Life Nifty SDL Apr 2027 Index Fund
923,Mahindra Manulife Short Duration Fund
924,Motilal Oswal Nifty Microcap 250 Index Fund
925,Mirae Asset Low Duration Fund
926,PGIM India Equity Savings Fund
927,SBI Fixed Maturity Plan (FMP) Series 46 (1850 Days)
928,ICICI Prudential Focused Equity Fund
929,HDFC NIFTY SDL Plus G-Sec Jun 2027 40:60 Index Fund
930,Aditya Birla Sun Life Financial Planning FOF Conservative Plan
931,ICICI Prudential Pharma Healthcare and Diagnostics (P.H.D) Fund
932,Aditya Birla Sun Life CRISIL IBX Gilt April 2033 Index Fund
933,Invesco India ELSS Tax Saver Fund
934,HSBC Small Cap Fund
935,UTI Value Fund
936,ICICI Prudential Nifty IT Index Fund
937,
938,Edelweiss ASEAN Equity Off-Shore Fund
939,Invesco India Multicap Fund
940,Samco Special Opportunities Fund
941,Motilal Oswal Nifty Smallcap 250 Index Fund
942,ICICI Prudential Liquid Fund
943,Bandhan Nifty Smallcap 250 Index Fund
944,UTI Gilt Fund with 10 year Constant Duration
945,Invesco India PSU Equity Fund
946,Kotak Medium Term Fund
947,BHARAT Bond ETF FOF - April 2032
948,JM Large Cap Fund
949,HSBC Medium Duration Fund
950,Nippon India Dynamic Bond Fund
951,Kotak Nifty SDL Jul 2033 Index Fund
952,Mirae Asset Large Cap Fund
953,Kotak FMP Series 323
954,Canara Robeco Short Duration Fund
955,UTI S&P BSE Housing Index Fund
956,HDFC Non-Cyclical Consumer Fund
957,Nippon India Value Fund
958,Mirae Asset Large & Midcap Fund
959,Bandhan Small Cap Fund
960,UTI Gold ETF Fund of Fund
961,Aditya Birla Sun Life Fixed Term Plan - Series UB (1224 days)
962,HSBC Consumption Fund
963,ICICI Prudential Regular Savings Fund
964,ICICI Prudential Overnight Fund
965,Union ELSS Tax Saver Fund
966,LIC MF Balanced Advantage Fund
967,Tata Balanced Advantage Fund
968,Axis Overnight Fund
969,Nippon India Strategic Debt Fund
970,Bandhan CRISIL IBX Gilt June 2027 Index Fund
971,Tata Large & Mid Cap Fund
972,Navi Nifty 50 Index Fund
973,ICICI Prudential Banking & Financial Services Fund
974,Baroda BNP Paribas Retirement Fund
975,Quantum Gold Fund ETF
976,ICICI Prudential Equity & Debt Fund
977,Mirae Asset Midcap Fund
978,HDFC Arbitrage Fund
979,Sundaram Arbitrage Fund
980,HDFC Asset Allocator Fund of Funds
981,Mirae Asset Nifty 100 ESG Sector Leaders Fund of Fund
982,Union Aggressive Hybrid Fund
983,Bank of India Midcap Tax Fund - Series 2
984,DSP Flexi Cap Fund
985,Motilal Oswal MSCI EAFE Top 100 Select Index Fund
986,Kotak Gilt Fund
987,SBI Fixed Maturity Plan (FMP) - Series 76 (1221 Days)
988,Motilal Oswal Developed Market Ex US ETFs Fund of Funds
989,Quantum ESG Best In Class Strategy Fund
990,Franklin India Focused Equity Fund
991,WhiteOak Capital Mid Cap Fund
992,Baroda BNP Paribas Focused Fund
993,Sundaram Multi Cap Fund
994,Axis Banking & PSU Debt Fund
995,Nippon India Nifty 50 Value 20 Index Fund
996,SBI Nifty Smallcap 250 Index Fund
997,LIC MF Low Duration Fund
998,ICICI Prudential India Equity FOF
999,Nippon India Retirement Fund - Wealth Creation Scheme
1000,Bandhan Equity Savings Fund
1001,WhiteOak Capital Special Opportunities Fund
1002,Quant Business Cycle Fund
1003,UTI Fixed Term Income Fund - Series XXXVI - I (1574 days)
1004,Franklin India Income Opportunities Fund
1005,ICICI Prudential Bharat Consumption Fund
1006,Invesco India Smallcap Fund
1007,Aditya Birla Sun Life Bal Bhavishya Yojna
1008,Nippon India Income Fund
1009,SBI International Access - US Equity FoF
1010,HSBC Managed Solutions India - Moderate
1011,WhiteOak Capital Ultra Short Duration Fund
1012,Canara Robeco Infrastructure Fund
1013,SBI Banking & Financial Services Fund
1014,BHARAT Bond ETF FOF - April 2033
1015,Aditya Birla Sun Life Retirement Fund - The 50s Plus - Debt Plan
1016,LIC MF Gilt Fund
1017,SBI Magnum Gilt Fund
1018,Tata S&P BSE Sensex Index Fund
1019,Bandhan Nifty 100 Index Fund
1020,Nippon India Money Market Fund
1021,DSP Small Cap Fund
1022,SBI Fixed Maturity Plan (FMP) Series 58 (1842 Days)
1023,ICICI Prudential FMCG Fund
1024,UTI Focused Fund
1025,Quantum Multi Asset Allocation Fund
1026,LIC MF Banking & Financial Services Fund
1027,DSP FMP Series 270 - 1144 Days
1028,ICICI Prudential Nifty Auto Index Fund
1029,ICICI Prudential MNC Fund
1030,ICICI Prudential Value Discovery Fund
1031,Canara Robeco Flexi Cap Fund
1032,HDFC NIFTY Smallcap 250 Index Fund
1033,Quant BFSI Fund
1034,Union Liquid Fund
1035,SBI Dynamic Bond Fund
1036,HDFC NIFTY Next 50 Index Fund
1037,Aditya Birla Sun Life Corporate Bond Fund
1038,Canara Robeco Emerging Equities
1039,Aditya Birla Sun Life Interval Income Fund - Quarterly Series I
1040,Franklin India Liquid Fund
1041,Sundaram Dividend Yield Fund
1042,ICICI Prudential Retirement Fund - Hybrid Aggressive Plan
1043,SBI Fixed Maturity Plan (FMP) Series 54 (1842 Days)
1044,UTI Ultra Short Duration Fund
1045,Axis Fixed Term Plan - Series 120 (91 Days)
1046,ICICI Prudential India Opportunities Fund
1047,Quant Multi Asset Fund
1048,Kotak Long Duration Fund
1049,Sundaram Business Cycle Fund(G)-Direct Plan
1050,Bank of India Manufacturing & Infrastructure Fund
1051,DSP Dynamic Asset Allocation Fund
1052,Kotak Nifty Smallcap 50 Index Fund
1053,Tata Floating Rate Fund
1054,Baroda BNP Paribas India Consumption Fund
1055,DSP Nifty Midcap 150 Quality 50 Index Fund
1056,Aditya Birla Sun Life Regular Savings Fund
1057,ITI Pharma & Healthcare Fund
1058,Canara Robeco Conservative Hybrid Fund
1059,Mirae Asset Nifty MidSmallcap400 Momentum Quality 100 ETF Fund of Fund
1060,Franklin India Short Term Income Plan - Segregated Portfolio 3
1061,Franklin India Floating Rate Fund
1062,Baroda BNP Paribas Small Cap Fund
1063,Axis Gilt Fund
1064,SBI Fixed Maturity Plan (FMP) Series 56 (1232 Days)
1065,JM Focused Fund
1066,Mahindra Manulife Large Cap Fund
1067,SBI Nifty Index Fund
1068,DSP Global Innovation Fund of Fund
1069,Aditya Birla Sun Life Fixed Term Plan - Series TQ (1879 days)
1070,360 ONE Dynamic Bond Fund
1071,ICICI Prudential S&P BSE Sensex Index Fund
1072,SBI Fixed Maturity Plan (FMP) Series 34 (3682 Days)
1073,Motilal Oswal Nifty 200 Momentum 30 Index Fund
1074,Navi S&P BSE Sensex Index Fund
1075,Mahindra Manulife Ultra Short Duration Fund
1076,Axis Equity Saver Fund
1077,Aditya Birla Sun Life Multi Asset Allocation Fund
1078,Baroda BNP Paribas ELSS Tax Saver Fund
1079,Baroda BNP Paribas Money Market Fund
1080,Reliance Interval Fund - III - Series 2
1081,Tata Retirement Savings Fund Moderate Plan
1082,Kotak Credit Risk Fund
1083,Motilal Oswal Nifty Midcap 150 Index Fund
1084,Canara Robeco Multi Cap Fund
1085,Groww Nifty Non-Cyclical Consumer Index Fund
1086,Mirae Asset ELSS Tax Saver Fund
1087,ICICI Prudential Multi-Asset Fund
1088,DSP India T.I.G.E.R. Fund
1089,DSP Nifty 50 Equal Weight Index Fund
1090,Kotak Consumption Fund
1091,SBI Fixed Maturity Plan (FMP) Series 45 (1840 Days)
1092,Taurus Nifty 50 Index Fund
1093,Kotak Multicap Fund
1094,LIC MF Arbitrage Fund
1095,SBI Retirement Benefit Fund - Aggressive Hybrid Plan
1096,Aditya Birla Sun Life Digital India Fund
1097,ICICI Prudential Nifty 50 Index Fund
1098,ITI Small Cap Fund
1099,Kotak S&P BSE Housing Index Fund
1100,SBI Nifty Midcap 150 Index Fund
1101,ITI Mid Cap Fund
1102,SBI Equity Savings Fund
1103,HDFC FMP 1406D August 2022
1104,Bajaj Finserv Money Market Fund
1105,HDFC Business Cycle Fund
1106,ICICI Prudential Passive Multi-Asset Fund of Funds
1107,Navi Large & Midcap Fund
1108,Sundaram Infrastructure Advantage Fund
1109,Kotak Silver ETF Fund of Fund
1110,Tata Nifty500 Multicap Infrastructure 50:30:20 Index Fund
1111,Kotak NASDAQ 100 Fund of Fund
1112,Union Small Cap Fund
1113,HSBC Managed Solutions India - Conservative
1114,Baroda BNP Paribas Medium Duration Fund
1115,Nippon India Passive Flexicap FoF
1116,SBI Fixed Maturity Plan (FMP) Series 48 (1458 Days)
1117,HDFC NIFTY50 Equal Weight Index Fund
1118,SBI Fixed Maturity Plan (FMP) Series 52 (1848 Days)
1119,Bank of India Multi Asset Allocation Fund
1120,Edelweiss Nifty Alpha Low Volatility 30 Index Fund(G)-Direct Plan
1121,Zerodha Nifty LargeMidcap 250 Index Fund
1122,Nippon India Overnight Fund
1123,HDFC Gold Fund
1124,SBI Long Term Advantage Fund - Series V
1125,HSBC Money Market Fund
1126,SBI Fixed Maturity Plan (FMP) Series 44 (1855 Days)
1127,Bandhan Flexi Cap Fund
1128,Bandhan Asset Allocation Fund Of Fund - Moderate Plan
1129,UTI Aggressive Hybrid Fund
1130,HSBC Value Fund
1131,Baroda BNP Paribas Gilt Fund
1132,PGIM India Overnight Fund
1133,Mirae Asset Liquid Fund
1134,PGIM India Small Cap Fund
1135,PGIM India Global Select Real Estate Securities Fund of Fund
1136,Tata Retirement Savings Fund Conservative Plan
1137,UTI Medium Duration Fund - (Segregated - 06032020)
1138,Sundaram Long Term Tax Advantage Fund Series-IV
1139,DSP Short Term Fund
1140,Canara Robeco Manufacturing Fund
1141,ICICI Prudential Fixed Maturity Plan - Series 88 - 1303 days Plan S
1142,Tata Hybrid Equity Fund
1143,Invesco India Money Market Fund
1144,Franklin India NSE Nifty 50 Index Fund
1145,Aditya Birla Sun Life Multi - Index Fund of Funds
1146,WhiteOak Capital Multi Asset Allocation Fund
1147,ICICI Prudential Equity Savings Fund
1148,SBI Fixed Maturity Plan (FMP) - Series 74 (1243 Days)
1149,DSP Nifty Bank Index Fund
1150,ITI Dynamic Bond Fund
1151,Kotak International REIT FOF
1152,SBI Retirement Benefit Fund - Aggressive Plan
1153,Tata Banking & PSU Debt Fund
1154,Edelweiss CRISIL IBX 50:50 Gilt Plus SDL April 2037 Index Fund
1155,Mirae Asset CRISIL IBX Gilt Index - April 2033 Index Fund
1156,UTI Infrastructure Fund
1157,ICICI Prudential Retirement Fund - Hybrid Conservative Plan
1158,Motilal Oswal Flexi Cap Fund
1159,Mirae Asset Arbitrage Fund
1160,SBI Magnum Low Duration Fund
1161,Bank of India Overnight Fund
1162,NJ Arbitrage Fund
1163,Edelweiss Multi Cap Fund
1164,SBI Fixed Maturity Plan (FMP) - Series 79 (1130 Days)
1165,Axis Nifty AAA Bond Plus SDL Apr 2026 50:50 ETF Fund of Fund
1166,Baroda BNP Paribas Banking and Financial Services Fund
1167,Shriram Aggressive Hybrid Fund
1168,Parag Parikh Conservative Hybrid Fund
1169,ICICI Prudential Floating Interest Fund
1170,Axis Arbitrage Fund
1171,
1172,Sundaram Long Term Tax Advantage Fund Series-I
1173,Franklin Asian Equity Fund
1174,NJ ELSS Tax Saver Scheme
1175,SBI Dividend Yield Fund
1176,Invesco India Ultra Short Duration Fund
1177,DSP Low Duration Fund
1178,HSBC Dynamic Bond Fund
1179,LIC MF Large Cap Fund
1180,HDFC NIFTY Midcap 150 Index Fund
1181,Canara Robeco Equity Hybrid Fund
1182,Canara Robeco Small Cap Fund
1183,Baroda BNP Paribas Low Duration Fund
1184,Kotak Bluechip Fund
1185,ICICI Prudential Retirement Fund - Pure Debt Plan
1186,Axis Credit Risk Fund
1187,Kotak FMP Series 325
1188,Quant Liquid Plan
1189,Bandhan Sterling Value Fund
1190,Invesco India Large & Mid Cap Fund
1191,LIC MF Medium to Long Duration Bond Fund
1192,Aditya Birla Sun Life Frontline Equity Fund
1193,JM Arbitrage Fund
1194,Axis Liquid Fund
1195,HDFC NIFTY G- Sec Apr 2029 Index Fund
1196,Axis Growth Opportunities Fund
1197,Tata Gilt Securities Fund
1198,Mahindra Manulife Aggressive Hybrid Fund
1199,SBI Fixed Maturity Plan (FMP) Series 49 (1823 Days)
1200,HDFC Pharma and Healthcare Fund
1201,Baroda BNP Paribas Aggressive Hybrid Fund
1202,Franklin India Technology Fund
1203,LIC MF Liquid Fund
1204,Mirae Asset Global Electric & Autonomous Vehicles ETFs Fund of Fund
1205,HSBC Corporate Bond Fund
1206,Nippon India Consumption Fund
1207,SBI Fixed Maturity Plan (FMP) Series 51 (1846 Days)
1208,Navi Nifty Midcap 150 Index Fund
1209,HDFC Long Duration Debt Fund
1210,Aditya Birla Sun Life Financial Planning FOF Moderate Plan
1211,Kotak Business Cycle Fund
1212,Aditya Birla Sun Life Short Term Fund
1213,Bank of India Balanced Advantage Fund
1214,Quant Large Cap Fund
1215,LIC MF Large & Midcap Fund
1216,SBI Fixed Maturity Plan (FMP) Series 55 (1849 Days)
1217,Baroda BNP Paribas Corporate Bond Fund
1218,Franklin India Dynamic Asset Allocation Fund of Funds
1219,Aditya Birla SL Quant Fund(G)-Direct Plan
1220,DSP Equity Opportunities Fund
1221,UTI Nifty 50 Index Fund
1222,HDFC FMP 1204D December 2022
1223,SBI Equity Hybrid Fund
1224,Tata Equity P/E Fund
1225,ITI Value Fund
1226,Nippon India Equity Savings Fund - Segregated Portfolio 1
1227,Axis Nifty Midcap 50 Index Fund
1228,Axis NIFTY IT Index Fund
1229,Mirae Asset Global X Artificial Intelligence & Technology ETF Fund of Fund
1230,HDFC Developed World Indexes Fund of Funds
1231,Sundaram Banking & PSU Debt Fund
1232,Kotak Equity Hybrid Fund
1233,Franklin India Prima Fund
1234,LIC MF Healthcare Fund
1235,Parag Parikh Flexi Cap Fund
1236,DSP Multi Asset Allocation Fund
1237,Mirae Asset Healthcare Fund
1238,Nippon India Nifty Midcap 150 Index Fund
1239,Kotak Liquid Fund
1240,Mirae Asset Overnight Fund
1241,HDFC FMP 1269D March 2023
1242,Canara Robeco Dynamic Bond Fund
1243,Aditya Birla Sun Life Balanced Advantage Fund
1244,Aditya Birla Sun Life Equity Hybrid '95 Fund
1245,Baroda BNP Paribas Credit Risk Fund - Segregated Portfolio 1
1246,Sundaram Small Cap Fund
1247,Canara Robeco Overnight Fund
1248,LIC MF Aggressive Hybrid Fund
1249,Quantum Multi Asset Fund of Funds
1250,Axis Money Market Fund
1251,Bandhan Multi Cap Fund
1252,Aditya Birla Sun Life Nifty Smallcap 50 Index Fund
1253,Edelweiss Liquid Fund
1254,Taurus Ethical Fund
1255,DSP NIFTY 50 Index Fund
1256,JM ELSS Tax Saver Fund
1257,Bandhan Nifty 50 Index Fund
1258,DSP FMP - Series 264 - 60M - 17D
1259,Mirae Asset Nifty SDL June 2028 Index Fund
1260,Aditya Birla Sun Life Gold Fund
1261,HDFC Mid-Cap Opportunities Fund
1262,Baroda BNP Paribas Large Cap Fund
1263,Axis Retirement Savings Fund - Conservative Plan
1264,Axis Nifty 100 Index Fund
1265,Kotak ELSS Tax Saver Fund
1266,Nippon India Nifty G-Sec Jun 2036 Maturity Index Fund
1267,Tata Nifty SDL Plus AAA PSU Bond Dec 2027 60:40 Index Fund
1268,Bandhan CRISIL IBX Gilt April 2032 Index Fund
1269,WhiteOak Capital Large & Mid Cap Fund
1270,UTI NIFTY50 Equal Weight Index Fund
1271,Samco ELSS Tax Saver Fund
1272,UTI Arbitrage Fund
1273,Nippon India Banking & PSU Debt Fund
1274,Motilal Oswal S&P BSE Financials ex Bank 30 Index Fund
1275,Aditya Birla Sun Life ESG Integration Strategy Fund
1276,SBI Fixed Maturity Plan (FMP) Series 41 (1498 Days)
1277,HDFC Equity Savings Fund
1278,LIC MF Small Cap Fund
1279,Taurus ELSS Tax Saver Fund
1280,Shriram Flexi Cap Fund
1281,Bandhan Core Equity Fund
1282,Edelweiss Aggressive Hybrid Fund
1283,LIC MF Short Duration Fund
1284,DSP FMP Series 267 - 1246 Days
1285,Edelweiss Multi Asset Allocation Fund
1286,Kotak FMP Series 324
1287,HSBC Ultra Short Duration Fund
1288,SBI CRISIL IBX SDL Index - September 2027 Fund
1289,Edelweiss Small Cap Fund
1290,JM Liquid Fund
1291,Franklin India Money Market Fund
1292,HDFC Ultra Short Term Fund
1293,Bandhan Corporate Bond Fund
1294,HDFC Low Duration Fund
1295,Kotak Healthcare Fund
1296,Axis Balanced Advantage Fund
1297,Kotak Emerging Equity Fund
1298,
1299,Tata Digital India Fund
1300,Aditya Birla Sun Life Multi-Cap Fund
1301,Nippon India Quant Fund
1302,Nippon India Fixed Horizon Fund - XLV - Series 5
1303,HDFC Nifty G-Sec Jun 2027 Index Fund
1304,Nippon India Arbitrage Fund
1305,BHARAT Bond FOF - April 2031
1306,Aditya Birla SL CRISIL IBX Gilt June 2027 Index Fund(G)-Direct Plan
1307,Aditya Birla Sun Life Fixed Maturity Plan - Series UU (98 days)
1308,Kotak Equity Arbitrage Fund
1309,Bandhan Bond Fund - Income Plan
1310,Baroda BNP Paribas Nifty 50 Index Fund
1311,DSP Ultra Short Fund
1312,DSP Gold ETF Fund of Fund
1313,Aditya Birla Sun Life Global Emerging Opportunities Fund
1314,Bank of India ELSS Tax Saver
1315,Axis Retirement Savings Fund - Aggressive Plan
1316,HSBC Low Duration Fund
1317,DSP Nifty Smallcap250 Quality 50 Index Fund
1318,HSBC Overnight Fund
1319,Sundaram Long Term Tax Advantage Fund Series-III
1320,ICICI Prudential Retirement Fund - Pure Equity Plan
1321,Groww Liquid Fund
1322,PGIM India Liquid Fund
1323,Nippon India Strategic Debt Fund - Segregated Portfolio 2
1324,SBI Fixed Maturity Plan (FMP) - Series 78 (1170 Days)
1325,ICICI Prudential NASDAQ 100 Index Fund
1326,UTI Floater Fund
1327,SBI Fixed Maturity Plan (FMP) - Series 81 (1157 Days)
1328,Bandhan Floating Rate Fund
1329,SBI Magnum Constant Maturity Fund
1330,HDFC Liquid Fund
1331,Kotak Focused Equity Fund
1332,SBI Arbitrage Opportunities Fund
1333,Union Multicap Fund
1334,Edelweiss Emerging Markets Opportunities Equity Offshore Fund
1335,Mahindra Manulife Dynamic Bond Fund
1336,Mahindra Manulife Large & Mid Cap Fund
1337,Groww ELSS Tax Saver Fund
1338,SBI Floating Rate Debt Fund
1339,Axis S&P BSE Sensex Index Fund
1340,SBI Fixed Maturity Plan (FMP) - Series 60 (1878 Days)
1341,Aditya Birla Sun Life CRISIL IBX Gilt Apr 2029 Index Fund
1342,Motilal Oswal Small Cap Fund
1343,HSBC Multi Asset Allocation Fund
1344,Mahindra Manulife Low Duration Fund
1345,Axis Focused 25 Fund
1346,Edelweiss Large & Mid Cap Fund
1347,HSBC Focused Fund
1348,Mirae Asset Focused Fund
1349,UTI Large & Mid Cap Fund
1350,DSP Savings Fund
1351,DSP Arbitrage Fund
1352,Kotak Fixed Maturity Plan Series 328 - 90 days
1353,Edelweiss Gold and Silver ETF Fund of Fund
1354,
1355,JM Short Duration Fund
1356,Motilal Oswal S&P 500 Index Fund
1357,Motilal Oswal S&P BSE Enhanced Value Index Fund
1358,Baroda BNP Paribas Multi Cap Fund
1359,Quantum Long Term Equity Value Fund
1360,Sundaram Consumption Fund
1361,ICICI Prudential Corporate Bond Fund
1362,Kotak Nifty Financial Services Ex-Bank Index Fund
1363,JM Low Duration Fund
1364,
1365,SBI Magnum Income Fund
1366,Tata Multi Asset Opportunities Fund
1367,UTI Quarterly Interval Fund - III
1368,SBI S&P BSE Sensex Index Fund
1369,Aditya Birla Sun Life Midcap Fund
1370,Aditya Birla Sun Life Floating Rate Fund
1371,Invesco India Arbitrage Fund
1372,ICICI Prudential Nifty SDL Dec 2028 Index Fund
1373,Axis Treasury Advantage Fund
1374,DSP Nifty SDL Plus G-Sec Jun 2028 30:70 Index Fund
1375,PGIM India Arbitrage Fund
1376,PGIM India Large and Mid Cap Fund
1377,HDFC Top 100 Fund
1378,HSBC ELSS Tax saver Fund
1379,Franklin India Flexi Cap Fund
1380,Mirae Asset S&P 500 Top 50 ETF Fund of Fund
1381,DSP Banking & PSU Debt Fund
1382,DSP Multicap Fund
1383,Kotak Equity Opportunities Fund
1384,Quant Momentum Fund
1385,HSBC Business Cycles Fund
1386,Motilal Oswal Liquid Fund
1387,ICICI Prudential Silver ETF Fund of Fund
1388,Nippon India Nifty G-Sec Sep 2027 Maturity Index Fund
1389,Tata Small Cap Fund
1390,Invesco India Financial Services Fund
1391,HDFC Credit Risk Debt Fund
1392,Mahindra Manulife Balanced Advantage Fund
1393,Aditya Birla Sun Life Dynamic Bond Fund
1394,Nippon India Gold Savings Fund
1395,ICICI Prudential Nifty50 Equal Weight Index Fund
1396,Baroda BNP Paribas NIFTY SDL December 2028 Index Fund
1397,Kotak Savings Fund
1398,SBI Retirement Benefit Fund - Conservative Plan
1399,Quant Healthcare Fund
1400,Tata Treasury Advantage Fund
1401,UTI Balanced Advantage Fund
1402,Nippon India Floating Rate Fund
1403,Union Equity Savings Fund
1404,Baroda BNP Paribas NIFTY SDL December 2026 Index Fund
1405,PGIM India Retirement Fund(G)-Direct Plan
1406,ICICI Prudential Nifty G-Sec Dec 2030 Index Fund
1407,Nippon India Low Duration Fund
1408,Bandhan Regular Savings Fund
1409,Aditya Birla Sun Life CRISIL IBX 60:40 SDL + AAA PSU Apr 2026 Index Fund
1410,Franklin India Smaller Companies Fund
1411,Nippon India Flexi Cap Fund
1412,LIC MF Midcap Fund
1413,ICICI Prudential Regular Gold Savings Fund (FOF)
1414,Quant Commodities Fund
1415,ICICI Prudential S&P BSE 500 ETF FOF
1416,ICICI Prudential Overnight Fund
1417,PGIM India Corporate Bond Fund
1418,LIC MF Long Term Value Fund
1419,Sundaram Overnight Fund
1420,UTI ELSS Tax Saver Fund
1421,Mirae Asset Balanced Advantage Fund
1422,DSP Bond Fund
1423,Canara Robeco Banking and PSU Debt Fund
1424,Franklin India Opportunities Fund
1425,SBI Fixed Maturity Plan (FMP) - Series 68 (1302 Days)
1426,Bank of India Large & Mid Cap Equity Fund
1427,Baroda BNP Paribas Conservative Hybrid Fund
1428,SBI Infrastructure Fund
1429,Nippon India Nifty Bank Index Fund
1430,Edelweiss Nifty PSU Bond Plus SDL Apr 2026 50:50 Index Fund
1431,HSBC Infrastructure Fund
1432,SBI Consumption Opportunities Fund
1433,Motilal Oswal Asset Allocation Passive Fund of Fund - Aggressive
1434,Kotak Nifty 200 Momentum 30 Index Fund
1435,ICICI Prudential Multicap Fund
1436,HDFC NIFTY 100 Index Fund
1437,Aditya Birla Sun Life Nifty 50 Equal Weight Index Fund
1438,WhiteOak Capital Large Cap Fund
1439,Invesco India Overnight Fund
1440,ICICI Prudential Bluechip Fund
1441,Franklin Build India Fund
1442,Old Bridge Focused Equity Fund
1443,Aditya Birla Sun Life Dividend Yield Fund
1444,DSP FMP Series 268 - 1281 Days
1445,Nippon India Nifty AAA PSU Bond Plus SDL - Sep 2026 Maturity 50:50 Index Fund
1446,Nippon India Liquid Fund
1447,Kotak Nifty Next 50 Index Fund
1448,Franklin India Equity Hybrid Fund
1449,Bandhan Bond Fund - Medium Term Plan
1450,NJ Overnight Fund
1451,Helios Balanced Advantage Fund
1452,DSP Strategic Bond Fund
1453,Axis All Seasons Debt Fund of Funds
1454,SBI Magnum COMMA Fund
1455,Nippon India Fixed Horizon Fund - XLI - Series 8
1456,DSP Equity & Bond Fund
1457,UTI Banking and Financial Services Fund
1458,UTI Nifty 500 Value 50 Index Fund
1459,Mahindra Manulife Flexi Cap Fund
1460,Mirae Asset Hang Seng TECH ETF Fund of Fund
1461,ICICI Prudential Nifty Midcap 150 Index Fund
1462,Axis Fixed Term Plan - Series 118 (100 Days)
1463,ICICI Prudential All Seasons Bond Fund
1464,Tata Fixed Maturity Plan Series 61 Scheme A (91 days)
1465,Tata Business Cycle Fund
1466,SBI Fixed Maturity Plan (FMP) - Series 80 (366 Days)
1467,Kotak India Growth Fund Series 4
1468,HSBC Gilt Fund
1469,ICICI Prudential Ultra Short Term Fund
1470,Motilal Oswal Gold and Silver ETFs Fund of Funds
1471,Quant Active Fund
1472,ICICI Prudential Thematic Advantage Fund(FOF)
1473,HDFC Balanced Advantage Fund
1474,DSP Banking & Financial Services Fund
1475,Axis NASDAQ 100 Fund of Fund
1476,Templeton India Value Fund
1477,Bank of India Small Cap Fund
1478,LIC MF ELSS Tax Saver
1479,Aditya Birla Sun Life Equity Savings Fund
1480,Kotak Banking and PSU Debt Fund
1481,Sundaram Diversified Equity
1482,Navi Liquid Fund
1483,Mahindra Manulife Consumption Fund
1484,ICICI Prudential Housing Opportunities Fund
1485,Nippon India Equity Savings Fund - Segregated Portfolio 2
1486,Kotak Fixed Maturity Plan Series 305
1487,UTI Short Duration Fund
1488,Axis Children's Gift Fund
1489,UTI Fixed Term Income Fund - Series XXXV - I (1260 days)
1490,Nippon India ELSS Tax Saver Fund
1491,Bandhan Retirement Fund
1492,Invesco India - Invesco EQQQ NASDAQ-100 ETF Fund of Fund
1493,SBI Fixed Maturity Plan (FMP) - Series 66 (1361 Days)
1494,Bandhan Dynamic Bond Fund
1495,PGIM India Emerging Markets Equity Fund
1496,Navi Nifty Bank Index Fund
1497,Aditya Birla Sun Life CRISIL IBX 50:50 Gilt Plus SDL Apr 2028 Index Fund
1498,Quant Absolute Fund
1499,Reliance Industries
1500,TCS
1501,HDFC Bank
1502,Bharti Airtel
1503,ICICI Bank
1504,SBI
1505,Life Insurance Corp
1506,Infosys
1507,Hindustan Unilever
1508,ITC
1509,Larsen & Toubro
1510,Bajaj Finance
1511,HCL Tech.
1512,Maruti Suzuki
1513,Axis Bank
1514,Adani Enterprises
1515,Mahindra & Mahindra
1516,Kotak Mahindra Bank
1517,Sun Pharma Inds.
1518,NTPC
1519,Hindustan Aeron
1520,ONGC
1521,Adani Ports &Special
1522,Tata Motors
1523,Avenue Supermarts
1524,Ultratech Cement
1525,Power Grid Corp
1526,Titan Co
1527,Coal India
1528,Adani Power
1529,Adani Green Energy
1530,Hindustan Zinc
1531,Asian Paints
1532,Bajaj Auto
1533,Siemens
1534,Wipro
1535,Bajaj Finserv
1536,Nestle
1537,Indian Oil Corp.
1538,Indian Railway Finance
1539,JIO Financial Serv.
1540,JSW Steel
1541,Tata Steel
1542,Bharat Electronics
1543,DLF
1544,Varun Beverages
1545,Trent
1546,ABB India
1547,Vedanta
1548,Zomato
1549,Grasim Industries
1550,Interglobe Aviation
1551,Ambuja Cement
1552,Pidilite Inds.
1553,Power Finance Corp
1554,Macrotech Developers
1555,Hindalco
1556,LTIMindtree
1557,SBI Life Insuran
1558,Bank Of Baroda
1559,GAIL India
1560,Tata Power
1561,Godrej Consumer Prod
1562,PNB
1563,Tech Mahindra
1564,REC
1565,BPCL
1566,Eicher Motors
1567,Britannia Inds
1568,SamvardhanaMotherson
1569,JSW Energy
1570,Indian Overseas Bank
1571,HDFC Life Insurance
1572,Cipla
1573,Divi's Lab
1574,Indusind Bank
1575,Havells India
1576,Chola Invest & Fin.
1577,Vodafone Idea
1578,TVS Motor
1579,Adani Energy Solut.
1580,Union Bank Of India
1581,Jindal Steel & Power
1582,Zydus Lifesciences
1583,Hero MotoCorp
1584,Cummins India
1585,Canara Bank
1586,Polycab India
1587,Shriram Finance
1588,Dabur India
1589,CG Power & Indl.Soln
1590,Tata Consumer Produc
1591,BHEL
1592,Adani Total Gas
1593,NHPC
1594,Dr. Reddy's Lab
1595,Shree Cement
1596,Bosch
1597,Torrent Pharma
1598,IDBI
1599,United Spirits
1600,Bajaj Hold & Invest
1601,Solar Industries
1602,Indian Hotel
1603,Indus Towers
1604,Max Healthcare Inst
1605,Apollo Hospital Ent.
1606,ICICI Prudential
1607,Mankind Pharma
1608,ICICI Lombard Gen.
1609,Rail Vikas Nigam
1610,Oracle Finl. Service
1611,Godrej Properties
1612,HDFC Asset Mngt. Co
1613,Info Edge
1614,Bharat Forge
1615,IRCTC
1616,Prestige EstatesProj
1617,NMDC
1618,Marico
1619,Mazagon Dock Ship
1620,Tube Investments
1621,Colgate Palmol. (I)
1622,Oil India
1623,Yes Bank
1624,Supreme Industries
1625,Schaeffler India
1626,Indian Bank
1627,Fert Chem Travancore
1628,SRF
1629,Aurobindo Pharma
1630,Torrent Power
1631,HPCL
1632,Suzlon Energy
1633,Linde India
1634,General Ins. Corp
1635,Lupin
1636,Ashok Leyland
1637,Dixon Technologies
1638,SBI Cards AndPayment
1639,Muthoot Finance
1640,Oberoi Realty
1641,UCO Bank
1642,Container Corp
1643,Jindal Stainless
1644,JSW Infrastructure
1645,SAIL
1646,Phoenix Mills
1647,Aditya Birla Capital
1648,Balkrishna Inds.
1649,UNO Minda
1650,Alkem Laboratories
1651,Astral
1652,PB Fintech
1653,Persistent Systems
1654,Thermax
1655,GMR Airports Infra.
1656,IDFC First Bank
1657,Berger Paints India
1658,Abbott India
1659,PI Industries
1660,Housing & Urban Dev.
1661,Cochin Shipyard
1662,Bharat Dynamics
1663,CentralBank of India
1664,Bharti Hexacom Ltd.
1665,Bank Of India
1666,United Breweries
1667,Sundaram Finance
1668,Patanjali Foods
1669,MRF
1670,P&G Hygiene
1671,Tata Communications
1672,SJVN
1673,L&T Technology Serv.
1674,Indian Ren. Energy
1675,FSN E-Commerce
1676,AU Small Fin. Bank
1677,Voltas
1678,Honeywell Automation
1679,ACC
1680,Exide Inds
1681,Petronet LNG
1682,Escorts Kubota
1683,Hitachi Energy India
1684,Kalyan Jewell.India
1685,Bank of Maharashtra
1686,Mphasis
1687,Coromandel Interntl.
1688,APL Apollo Tubes
1689,L&T Finance
1690,Page Industries
1691,Tata Elxsi
1692,Adani Wilmar
1693,KPIT Technologies
1694,Federal Bank
1695,Glaxosmithkline Phar
1696,3M India
1697,UPL
1698,Nippon Life India As
1699,New India Assurance
1700,Biocon
1701,Punjab & Sind Bank
1702,Gujarat Gas
1703,KEI Industries
1704,GE T&D India
1705,Motilal Oswal Fin
1706,Tata Technologies
1707,LIC Housing Finance
1708,IRB Infra.&Developer
1709,AIA Engineering
1710,Mah & Mah Finl. Serv
1711,Endurance Tech
1712,MRPL
1713,Lloyds Metals&Energy
1714,Gujarat Fluorochemic
1715,Sona BLW Precision
1716,Fortis Healthcare
1717,Jubilant FoodWorks
1718,Coforge
1719,Global Health
1720,National Aluminium
1721,Deepak Nitrite
1722,Glenmark Pharma
1723,Blue Star
1724,BSE
1725,Metro Brands
1726,Dalmia Bharat
1727,Max Financial
1728,Tata Invest Corp
1729,Bandhan Bank
1730,Motherson Sumi Wirin
1731,SKF India
1732,Apar Inds
1733,Timken India
1734,Tata Motors - DVR
1735,Indraprastha Gas
1736,JK Cement
1737,Poonawalla Fincorp
1738,Neyveli Lignite
1739,Carborundum Univer.
1740,Hindustan Copper
1741,Aditya Birla Fashion
1742,Apollo Tyres
1743,Brigade Enterprises
1744,CRISIL
1745,Emami
1746,Go Digit General Ins
1747,Sun TV Network
1748,360 One Wam
1749,Star Health and Allied
1750,Sterlite Inds. (I)
1751,Grindwell Norton
1752,K.P.R. Mill
1753,NBCC (India)
1754,ZF Comm Vehic Contr
1755,Gland Pharma
1756,Jyoti CNC Automation
1757,Ajanta Pharma
1758,Delhivery
1759,ITI
1760,Bayer CropScience
1761,Ipca Laboratories
1762,Syngene Internation.
1763,Jupiter Wagons
1764,Tata Chemicals
1765,Aegis Logistics
1766,EIH
1767,KIOCL
1768,Crompt.Greaves Cons.
1769,JB Chem & Pharma
1770,Sundram Fasteners
1771,Vedant Fashions
1772,Godrej Industries
1773,One97 Communications
1774,Ircon International
1775,Amara Raja Energy
1776,Aarti Inds
1777,Kaynes Technology
1778,Ratnamani Metals
1779,Century Textile &Ind
1780,Gillette India
1781,Sumitomo Chemical India
1782,Narayana Hrudayalay
1783,Tejas Networks
1784,Five Star Business
1785,JBM Auto
1786,Cholamandalam Fin.
1787,Hatsun Agro Product
1788,ICICI Securities
1789,TVS Holdings
1790,Finolex Cables
1791,Radico Khaitan
1792,Angel One
1793,Whirlpool Of India
1794,CreditAccess Grameen
1795,Elgi Equipments
1796,Laurus Labs
1797,BASF India
1798,KEC International
1799,Dr. Lal Pathlabs
1800,Godfrey Phillips
1801,Kansai Nerolac Paint
1802,Sobha
1803,Schneider Ele. Infra
1804,Natco Pharma
1805,Kajaria Ceramics
1806,CIE Automotive India
1807,Titagarh Railsystems
1808,Pfizer
1809,Central Dep. Service
1810,Waaree Renewables
1811,Castrol India
1812,Piramal Pharma
1813,Cyient
1814,Chambal Fert & Chem
1815,Devyani International
1816,Finolex Inds
1817,Relaxo Footwears
1818,Swan Energy
1819,PNB Housing Finance
1820,NCC
1821,IIFL Finance
1822,The Ramco Cements
1823,Kirloskar Oil Eng
1824,CESC
1825,Piramal Enterprises
1826,Vinati Organics
1827,Poly Medicure
1828,RR Kabel Ltd.
1829,Trident
1830,Signatureglobal Ind.
1831,IDFC
1832,PTC Industries
1833,Himadri Speciality
1834,Multi Commodity Exch
1835,Cello World
1836,Authum Inv. & Infra
1837,Atul
1838,Triveni Turbine
1839,Aditya Birla Sun AMC
1840,Garden Reach Ship
1841,Birlasoft
1842,Kalpataru Projects
1843,Bata india
1844,V-Guard Inds.
1845,Chalet Hotels
1846,Shyam Metalics&Ener
1847,Inox Wind
1848,Blue Dart Express
1849,Aster DM Healthcare
1850,Jindal Saw
1851,Navin Fluorine Intl
1852,Bikaji Foods Inter.
1853,BEML
1854,Suven Pharma
1855,Capri Global Capital
1856,Nuvama Wealth
1857,Action Const. Equip
1858,Affle (India)
1859,HFCL
1860,Sterling and Wilson
1861,Computer Age Man
1862,Lakshmi Machine Work
1863,TBO Tek
1864,Guj. State Petronet
1865,NMDC Steel
1866,Alembic Pharma
1867,Zensar Technologies
1868,Rites
1869,GR Infraprojects
1870,Sonata Software
1871,Redington
1872,Karur Vysya Bank
1873,Aadhar Housing Fin
1874,Aptus Value Housing
1875,Kirloskar Brothers
1876,Raymond
1877,GE Shipping
1878,KSB
1879,Data Patterns (I)
1880,Anand Rathi Wealth
1881,Asahi India Glass
1882,Krishna Inst.Medi
1883,Jyothy Labs
1884,Concord Biotech
1885,Ramkrishna Forgings
1886,Indian Energy Exch
1887,Manappuram Finance
1888,IFCI
1889,RBL Bank
1890,Jai Balaji Inds
1891,Sanofi India
1892,Indiamart Intermesh
1893,DCM Shriram
1894,Astrazeneca Pharma I
1895,Century Plyboards(I)
1896,Techno Electric &Eng
1897,Godawari Power & Isp
1898,Clean Science
1899,Tata Teleservice(Mah
1900,Railtel Corporation Of India Ltd.
1901,Aavas Financiers
1902,Ingersoll Rand
1903,Anant Raj
1904,Supreme Petrochem
1905,BLS Internatl.Serv
1906,Zee Entertainment
1907,Elecon Engg.
1908,Mahanagar Gas
1909,Honasa Consumer
1910,Olectra Greentech
1911,Fine Organic Inds.
1912,Firstsource Solution
1913,Chennai Petrol. Corp
1914,Engineers India
1915,Netweb Technologies
1916,Intellect Design
1917,Eris Lifesciences
1918,PVR
1919,Newgen Software Tech
1920,HBL Power Sys
1921,Welspun Living
1922,Alok Inds
1923,E.I.D. Parry (I)
1924,RHI Magnesita
1925,Happiest Minds Tech.
1926,Vardhman Textiles
1927,CE Info Systems
1928,Welspun Corp
1929,Indegene
1930,Amber Enterprises
1931,Akzo Nobel India
1932,J&K Bank
1933,RainbowChildrenS Med
1934,Indiabulls Housing
1935,JP Power Ventures
1936,UTI Asset Management
1937,Westlife Development
1938,GMDC
1939,Praj Industries
1940,Tanla Platforms
1941,Nuvoco Vistas Corpor
1942,Usha Martin
1943,Shipping Corpn.
1944,DOMS Industries
1945,Bajaj Electricals
1946,MMTC
1947,City Union Bank
1948,PNC Infratech
1949,KFin Technologies
1950,Reliance Power
1951,Inox India
1952,Granules India
1953,Cera Sanitaryware
1954,Godrej Agrovet
1955,Birla Corporation
1956,Equitas Small Fin.
1957,Zydus Wellness
1958,eClerx Services
1959,Bombay Burmah Trdg.
1960,Lemon Tree Hotels
1961,Force Motors
1962,Transformers & Rect
1963,Graphite India
1964,Can Fin Homes
1965,Jubilant Pharmova
1966,Voltamp Transformers
1967,RCF
1968,Aether Industries
1969,Happy Forgings
1970,Minda Corporation
1971,H.G. Infra Engg.
1972,RattanIndia Ent
1973,Azad Engineering
1974,Electrost Castings
1975,Thomas Cook (India)
1976,Shree Renuka Sugar
1977,Vesuvius India
1978,Redtape
1979,TTK Prestige
1980,Tega Industries
1981,Caplin Point Lab
1982,Valor Estate
1983,Alkyl Amines Chem
1984,Saregama India
1985,Nava
1986,KPI Green Energy
1987,Latent View Analytic
1988,Gravita India
1989,MOIL
1990,GNFC
1991,Puravankara
1992,Safari Industries(I)
1993,JK Tyres & Inds.
1994,Sheela Foam
1995,Craftsman Automation
1996,CEAT
1997,Glenmark Life Scienc
1998,Varroc Engineering
1999,Juniper Hotels
2000,Sapphire Foods India
2001,PCBL
2002,GSFC
2003,Kirloskar Ferrous
2004,Metropolis Health.
2005,Equinox India Dev.
2006,Gujarat Pipavav Port
2007,KNR Constructions
2008,JK Lakshmi Cement
2009,RattanIndia Power
2010,Mahindra Holi.&Resor
2011,Arvind
2012,Mahindra Life. Dev
2013,Zen Technologies
2014,Route Mobile
2015,Galaxy Surfactants
2016,Natl.Stan
2017,Maharashtra Scooters
2018,Elantas Beck India
2019,Sandur Manganese
2020,Esab india
2021,Genus Power Infra
2022,LT Foods
2023,Bengal & Assam
2024,Ujjivan Small Fin
2025,Home First Finance
2026,ISGEC Heavy Engg.
2027,Maharashtra Seamless
2028,Astra Microwave Prod
2029,SBFC Finance
2030,RateGain Travel
2031,Balrampur Chini Mill
2032,Quess Corp
2033,Sunteck Realty
2034,HEG
2035,Syrma SGS Technology
2036,Electronics Mart Ind
2037,Wockhardt
2038,Chemplast Sanmar
2039,Infibeam Avenues
2040,Triveni Engg. & Inds
2041,Keystone Realtors
2042,Network 18 Media Inv
2043,Star Cement
2044,Campus Activewear
2045,Gallantt Ispat
2046,Deepak Fert & Petro
2047,Karnataka Bank
2048,Strides Pharma Scien
2049,Kirloskar Pneumatic
2050,Kama Holdings
2051,JK Paper
2052,Jupiter Life Line
2053,Mishra Dhatu Nigam
2054,Prism Johnson
2055,Mrs.Bectors Food
2056,Texmaco Rail & Eng.
2057,Archean Chem Inds
2058,Jubilant Ingrevia
2059,Anupam Rasayan India
2060,Just Dial
2061,Rajesh Exports
2062,Reliance Infra
2063,Shriram Pistons & Rings
2064,Mastek
2065,Neuland Laboratories
2066,Procter&Gamble Healt
2067,Avanti Feeds
2068,Responsive Inds
2069,PG Electroplast
2070,Eureka Forbes
2071,Inox Wind Energy
2072,Shoppers Stop
2073,HCC
2074,Medplus Health Servi
2075,ITD Cementation
2076,Senco Gold
2077,TVS Supply Chain Sol
2078,Garware Tech. Fibres
2079,Symphony
2080,Ahluwalia Contract(I
2081,CCL Products (India)
2082,Ganesh Housing Corp
2083,JM Financial
2084,Lloyds Engr Works
2085,Sarda Energy&Mineral
2086,Dilip Buildcon
2087,Vijaya Diagnostic
2088,Centurion Bk of Punj
2089,Power Mech Projects
2090,Kennametal India
2091,Greenlam Industries
2092,Religare Enterprises
2093,Balaji Amines
2094,Aurionpro Solutions
2095,CMS Info Systems
2096,Dhanuka Agritech
2097,Prince Pipes & Fitti
2098,Tamilnad Mercantile
2099,Time Technoplast
2100,Jana Small Fin. Bank
2101,Easy Trip Planners
2102,Choice International
2103,Man InfraConstruct
2104,ION Exchage
2105,FDC
2106,India Shelter Fin.
2107,TV18 Broadcast
2108,Prudent Corporate
2109,JSW Holdings
2110,Blue Jet Healthcare
2111,Marksans Pharma
2112,Indo Count Inds
2113,Laxmi Organic Inds.
2114,VA Tech Wabag
2115,South Indian Bank
2116,India Cements
2117,PDS
2118,Suprajit Engineering
2119,Jindal Worldwide
2120,Transport Corp.
2121,Magellanic Cloud
2122,Technocraft Inds
2123,eMudhra
2124,ASK Automotive
2125,IIFL Securities
2126,Paradeep Phosphates
2127,VIP Inds.
2128,National Fertilizers
2129,Piccadily Agro Inds
2130,Surya Roshni
2131,Sterlite Technologie
2132,Arvind Fashions
2133,KRBL
2134,Ethos Ltd.
2135,HMT
2136,Rolex Rings
2137,NESCO
2138,Max Estates
2139,Sansera Engineering
2140,Jai Corp
2141,Ashoka Buildcon
2142,Paisalo Digital
2143,J Kumar Infraproject
2144,Nazara Technologies
2145,Shakti Pumps (I)
2146,Le Travenues Techno
2147,Edelweiss Financial
2148,Ind Tourism Dev Corp
2149,Indigo Paints
2150,Rallis India
2151,Guj. Ambuja Exports
2152,IFB Industries
2153,Gokaldas Exports
2154,NIIT Learning Sys
2155,Borosil Renewables
2156,VST Industries
2157,SIS
2158,Bondada Engineering
2159,Welspun Enterprises
2160,MSTC
2161,EPL
2162,Dodla Dairy
2163,Diamond Power Infra
2164,Sudarshan Chemicals
2165,Share India Sec.
2166,Kirloskar Industries
2167,PTC India
2168,CSB Bank
2169,Gabriel India
2170,Pricol
2171,Allcargo Logistics
2172,Sundaram Fin. Hold
2173,Insolation Energy
2174,R Systems Intl.
2175,Kesoram Industries
2176,Tips Inds.
2177,Orchid Pharma
2178,GMM Pfaudler
2179,Patel Engineering
2180,TD Power Systems
2181,Utkarsh Small Fin.
2182,TARC
2183,MTAR Technologies
2184,Cyient DLM
2185,Guj. Alkalies & Chem
2186,Aarti Pharmalabs
2187,Epigral
2188,Hindustan Foods
2189,ICRA
2190,Go Fashion (India)
2191,Rain Industries
2192,Shilpa Medicare
2193,V-Mart Retail
2194,Hemisphere Propert.
2195,Aditya Vision
2196,Bharat Bijlee
2197,Vaibhav Global
2198,Bajaj Hindusthan Sug
2199,D.B. Corp
2200,GMR Power and Urban
2201,Orient Electric
2202,GHCL
2203,Spandana Sphoorty
2204,Sharda Motor Inds.
2205,Paras Defence &Space
2206,Restau. Brands Asia
2207,Moschip Technologies
2208,HealthcareGlobal
2209,Jain Irrigation Sys
2210,Privi Speciality Che
2211,Harsha Engineers Int
2212,Heritage Foods
2213,Dynamatic Tech
2214,JTEKT India
2215,SG Mart
2216,Wonderla Holidays
2217,Jamna Auto Inds.
2218,Gateway Distriparks
2219,MAS Financial Serv
2220,AMI Organics
2221,Tilaknagar Inds
2222,Inox Green Enrgy Ser
2223,Johnson Controls
2224,Gulf Oil Lubricant
2225,Bharat Rasayan
2226,Kaveri Seed
2227,VRL Logistics
2228,Exicom Tele-Systems
2229,Heidelberg Cement
2230,NOCIL
2231,JNK India
2232,Protean e-Gov Tech.
2233,Premier Explosives
2234,TeamLease Services
2235,Fusion Micro Fin.
2236,Orient Cement
2237,Oriana Power
2238,Aarti Drugs
2239,Garware Hi-Tech
2240,Sanghvi Movers
2241,Kovai Medical Center
2242,AGI Greenpac
2243,Rossari Biotech
2244,Balmer Lawrie & Co
2245,Lux Industries
2246,Fedbank Financial
2247,Entero Healthcare
2248,Thangamayil Jeweller
2249,West Coast Paper
2250,Banco Products (I)
2251,OMDC
2252,Pilani Investment
2253,DCB Bank
2254,Venus Pipes & Tubes
2255,Black Box
2256,Kewal Kiran Clothing
2257,Neogen Chemicals
2258,Jayaswal Neco Inds
2259,SpiceJet
2260,Subros
2261,Fineotex Chemical
2262,Ashiana Housing
2263,Avantel
2264,TCI Express
2265,Advanced Enzyme
2266,Gopal Snacks
2267,Imagicaaworld Enter
2268,Indian Metal & Ferro
2269,Muthoot Microfin
2270,Sula Vineyards
2271,Ramky Infrastructure
2272,Lloyds Enterprises
2273,Samhi Hotels
2274,Grauer & Weil (I)
2275,Hawkins Cookers
2276,Shanthi Gears
2277,Skipper
2278,Ddev Plastiks Ind.
2279,Manorama Industries
2280,Medi Assist Health
2281,WPIL
2282,Gensol Engineering
2283,Shilchar Tech
2284,Apeejay Surrendra Park
2285,CarTrade Tech
2286,Hinduja Global Soln.
2287,Sharda Cropchem
2288,Hathway Cable & Data
2289,DCX Systems
2290,LG Balakrishnan&Bros
2291,Kalyani Steels
2292,ISMT
2293,Borosil
2294,JTL Industries
2295,Guj. Inds. Power
2296,Honda India Power
2297,Sunflag Iron & Steel
2298,Bajaj Corp
2299,Hikal
2300,Greenpanel Inds.
2301,Nirlon
2302,Ship.Corp.(I) Land
2303,Styrenix Performance
2304,Banna Amman Sugars
2305,Delta Corp
2306,The Anup Engineering
2307,Greenply Industries
2308,Unichem Lab
2309,Ashapura Minechem
2310,Blue Cloud Softech
2311,Bombay Dyeing Mfg.
2312,Uflex
2313,Swaraj Engines
2314,Cigniti Technologies
2315,La Opala R G
2316,Savita Oil Tech
2317,Datamatic Global Ser
2318,Guj. Themis Biosyn
2319,Gufic Biosciences
2320,Maithan Alloys
2321,Nucleus Software Exp
2322,Yatharth Hospital
2323,Zaggle Prepaid Ocean
2324,Lumax Auto Tech
2325,VST Tillers Tractors
2326,Shaily Engg. Plastic
2327,Dalmia Bharat Sugar
2328,Navneet Education
2329,Bajel Projects
2330,MPS
2331,Avalon Technologies
2332,Steel Strips Wheels
2333,Apollo Micro Systems
2334,Mahindra Logistics
2335,Balu Forge Industrie
2336,Indostar Capital Fin
2337,BF Utilities
2338,Awfis Space Solution
2339,Sandhar Tech
2340,Bhansali Engg. Poly.
2341,Sindhu Trade Links
2342,KDDL
2343,Fischer Medical
2344,Salasar Techno Engg.
2345,Prakash Inds.
2346,Tide Water Oil Co(I)
2347,Thyrocare Tech.
2348,Fiem Inds
2349,Ganesha Ecosphere
2350,Veritas (India)
2351,TCNS Clothing Co.
2352,Kolte-Patil Develop.
2353,Thejo Engineering
2354,Ideaforge Technology
2355,GTL Infrastructure
2356,HLE Glascoat
2357,TVS Srichakra
2358,Pitti Engineering
2359,Sagar Cements
2360,NRB Bearings
2361,Dollar Industries
2362,Repco Home Finance
2363,Vadilal Industries
2364,Care Ratings
2365,Supriya Lifescience
2366,Spectrum Electrical
2367,Dredging Corp
2368,Sundaram-Clayton
2369,Thirumalai Chemicals
2370,Network People Ser
2371,Wendt India
2372,KCP
2373,Prime Focus
2374,Greaves Cotton
2375,Arvind Smartspaces
2376,Polyplex Corporation
2377,Bhagiradha Chem
2378,Flair Writing Indu.
2379,Auto.Axle
2380,Saksoft
2381,EMS
2382,Dhani Services
2383,Marathon NextgenReal
2384,Shivalik Bimetal
2385,Somany Ceramics
2386,Sequent Scientific
2387,SML Isuzu
2388,Nilkamal
2389,Indoco Remedies
2390,Hindware Home Innov.
2391,PTC India Fin. Serv
2392,Shalby
2393,EFC (I)
2394,Goodluck India
2395,Rajratan Global Wire
2396,Dish TV India
2397,Tinna Rubber & Infra
2398,HPL Electric
2399,Vertoz Advertising
2400,Landmark Cars
2401,Dolphin Offshore Ent
2402,Unitech
2403,MM Forgings
2404,SEPC
2405,Seamec
2406,Jash Engineering
2407,KP Green Engineering
2408,SH Kelkar & Co
2409,Mayur Uniquoters
2410,Stylam Industries
2411,Innova Captab
2412,EIH Associated Hotel
2413,Alembic
2414,Jindal Poly Films
2415,Quick Heal Tech
2416,Precision Wire India
2417,Huhtamaki India
2418,HMA Agro Indus
2419,ESAF Small Finance
2420,Tasty Bite Eatables
2421,Venkys India
2422,Vindhya Telelinks
2423,Vishnu Chemicals
2424,India Glycols
2425,Pearl Global Inds.
2426,Dishman Carbogen Amc
2427,Fino Payments Bank
2428,Confidence Petroleum
2429,Morepen Laboratories
2430,GE Power India
2431,D.P. Abhushan
2432,KP Energy
2433,Goodyear India
2434,Capacite Infraproj.
2435,India Pesticides
2436,Foseco India
2437,Novartis
2438,Optiemus Infracom
2439,Lumax Industries
2440,ADF Foods
2441,Den Networks
2442,Apollo Pipes
2443,Satin Creditcare
2444,Vardhman Special
2445,Tarsons Products
2446,Mold-tek Packaging
2447,JP Associate
2448,Accelya Solutions
2449,E2E Networks
2450,NIBE
2451,Sai Silks (Kalaman)
2452,Tatva Chintan Pharma
2453,MTNL
2454,Jeena Sikho Life
2455,Websol Energy System
2456,Geojit Finl. Service
2457,Filatex India
2458,RPG Life Sciences
2459,Ugro Capital
2460,Vakrangee
2461,Arman Financial Serv
2462,Dreamfolks Services
2463,PSP Projects
2464,Astec Lifesciences
2465,Cupid
2466,Sanghi Industries
2467,Man Industries
2468,Hind Oil Exploration
2469,Oriental Hotels
2470,PC Jeweller
2471,Ajmera Realty&Infra
2472,Kingfa Science
2473,Eveready Inds. India
2474,Panama Petrochem
2475,Mukand
2476,Owais Metal & Min.
2477,Dolat Algotech
2478,Artemis Medicare
2479,SJS Enterprises
2480,Ujaas Energy
2481,Spright Agro
2482,IKIO Lighting
2483,Abans Holdings
2484,BLS E-Services
2485,Uniparts India
2486,Vishnu Prakash R
2487,IOL Chem & Pharma
2488,IFGL Refractories
2489,Federal-Mogul Goetze
2490,Mangalam Cement
2491,Genesys Intl. Corpn
2492,Udaipur Cement Works
2493,Nagarjuna Fert &Chem
2494,Universal Cables
2495,Axiscades Tech.
2496,V2 Retail
2497,Jyoti Structures
2498,Gokul Agro Resources
2499,Pennar Industries
2500,Sasken Technologies
2501,RPSG Ventures
2502,Apcotex Inds
2503,Jubilant Inds.
2504,JITF Infralogistics
2505,BF Investment
2506,Indraprastha Medical
2507,Disa India
2508,Peninsula Land
2509,Prataap Snacks
2510,Carysil
2511,GOCL Corporation
2512,Globus Spirits
2513,Xpro India
2514,Pokarna
2515,Vashu Bhagnani Ind.
2516,Vidhi Specialty Food
2517,HIL
2518,John Cockerill India
2519,Siyaram Silk Mills
2520,Tanfac Industries
2521,SG Finserve
2522,Praveg
2523,Rupa & Co
2524,Andhra Paper
2525,Taj GVK Hotels
2526,Meghmani Organics
2527,Kesar India
2528,Barbeque-Nation Hosp
2529,India Hume Pipe
2530,Rashi Peripheral
2531,Media Matrix World
2532,Som Distilleries
2533,Suratwwala Business
2534,Solara Active Pharma
2535,Amrutanjan Healthcar
2536,Alpex Solar
2537,Suven Life Sciences
2538,Yasho Industries
2539,Parag Milk Foods
2540,Seshasayee Paper
2541,Centrum Electronics
2542,Paramount Communicat
2543,EPACK Durable
2544,Hi-Tech Pipes
2545,Kalyani Investment
2546,TCPL Packaging
2547,Suryoday Small Finan
2548,Ramco Inds.
2549,Andrew Yule
2550,Hester Biosciences
2551,Insecticides India
2552,PNB Gilts
2553,MP Bharat Agro Prod
2554,Kody Technolab
2555,Bombay Super Hybrid
2556,Gandhar Oil Refinery
2557,Sangam India
2558,Sigachi Industries
2559,B.L. Kashyap and Son
2560,Cosmo First
2561,Mufin Green Finance
2562,TTK Healthcare
2563,Orient Green Power
2564,Yatra Online
2565,Themis Medicare
2566,Divgi Torqtransfer
2567,Krsnaa Diagnostics
2568,Jagran Prakashan
2569,Alicon Castalloy
2570,DCM Shriram Inds.
2571,Reliance Indl. Infra
2572,Talbros Auto Compont
2573,SMS Pharmaceuticals
2574,Welspun Special.Soln
2575,Updater Services
2576,Wheels India
2577,Omaxe
2578,Swelect Energy
2579,Cantabil Retail
2580,Expleo Solutions
2581,Last Mile Enterprise
2582,Rico Auto Inds
2583,Servotech Power Sys
2584,GTPL Hathway
2585,Suraj Estate Develop
2586,Aeroflex Industries
2587,Nitin Spinners
2588,Marine Electricals
2589,Sky Gold
2590,Balmer Lawrie Invsts
2591,Shriram Properties
2592,IRM Energy
2593,Stove Kraft
2594,TN Newsprints
2595,Brightcom Group
2596,Hercules Hoists
2597,Mishtann Foods
2598,Precision Camshafts
2599,Deep Industries
2600,Paushak
2601,Rajoo Engineers
2602,Krishana Phoschem
2603,Madras Fertilizers
2604,TIL
2605,Bharat Wire Ropes
2606,Popular Vehicles & Services
2607,Refex Industries
2608,Rama Steel Tubes
2609,IG Petrochem.
2610,Spacenet Enterprises
2611,Hi-Tech Gears
2612,India Nipon Electric
2613,Ador Welding
2614,Jindal Drilling&Inds
2615,Kilburn Engg.
2616,SPIC
2617,Advait Infratech
2618,GVK Power & Infra
2619,Master Trust
2620,Camlin Fine Sciences
2621,India Power Corpn.
2622,NELCO
2623,Pix Transmission
2624,SMC Global Sec.
2625,Rane Holdings
2626,Nalwa Sons Invest.
2627,Agro Tech Food
2628,Texmaco Infra
2629,Kiri Industries
2630,Fairchem Organics
2631,Rossell India
2632,SIRCA Paints India
2633,DCW
2634,Tourism Finance Corp
2635,Om Infra
2636,Monarch Networth Cap
2637,Everest Industries
2638,Sadhana Nitro Chem
2639,63 Moons Tech.
2640,Wardwizard Innovat.
2641,Subex
2642,HLV
2643,Allsec Tech.
2644,Oriental Rail Infra
2645,Goldiam Internatl.
2646,Punjab Chem. & Corp
2647,Navkar Corporation
2648,Agarwal Indl. Corp
2649,GNA  Axles
2650,Hariom Pipe Inds.
2651,Raghav Productivity
2652,Shankara Bldg. Prod
2653,Jyoti Resins&Adhesiv
2654,Steel Exchange India
2655,S.P. Apparels
2656,Likhitha Infrastruct
2657,Summit Securities
2658,Motisons Jewellers
2659,Indo Tech Transform.
2660,Centrum Capital
2661,Rishabh Instruments
2662,Bigbloc Construction
2663,Ram Ratna Wires
2664,Andhra Sugars
2665,BCL Industries
2666,5Paisa Capital
2667,Igarashi Motors
2668,Yuken India
2669,Automot. Stamp&Assem
2670,Manali Petro
2671,Shree DigvijayCement
2672,Vascon Engineers
2673,Waaree Technologies
2674,Elpro International
2675,Roto Pumps
2676,CFF Fluid Control
2677,Polo Queen Indl.
2678,Capital Small Fin.
2679,Timex Group India
2680,Forbes Prec Tool
2681,TechNVision Ventures
2682,GKW
2683,Techno Electric (Mer
2684,Best Agrolife
2685,Zota Health Care
2686,D-Link (India)
2687,Dhampur Sugar Mills
2688,GPT Infraprojects
2689,NACL Industries
2690,Signpost India
2691,Amic Forging
2692,Salzer Electronics
2693,ASM Technology
2694,Deccan Gold Mines
2695,Atul Auto
2696,Kokuyo Camlin
2697,Automobile Corp.Goa
2698,Excel Industries
2699,Windlas Biotech
2700,Mangalore Chem &Fert
2701,Filatex Fashions
2702,GM Breweries
2703,Heranba Industries
2704,Borosil Scientific
2705,Taneja Aerospace
2706,Shanti Educational
2707,Dr Agarwals Eye Hsp
2708,Beekay Steel
2709,Knowledge Marine & E
2710,Kamdhenu
2711,NGL Fine-Chem
2712,Shiva Cement
2713,Saurashtra Cement
2714,NIIT
2715,Sika Interplant Sys
2716,Everest Kanto Cylind
2717,Kabra Extrus.technik
2718,Dwarikesh Sugar Inds
2719,MIC Electronics
2720,KSolves India
2721,GRP
2722,New Delhi Television
2723,Kitex Garments
2724,Arihant Superstruct.
2725,Dynacons Sys & Sol
2726,Vinyas Innova Techno
2727,Rane Madras
2728,Kuantum Papers
2729,Tinna Trade
2730,Macpower CNC Machine
2731,India Motor Parts
2732,KMC Speciality Hosp
2733,Allcargo Gati
2734,Matrimony.Com
2735,TV Today Network
2736,Amines & Plastic
2737,Century Enka
2738,Sahana System
2739,Himatsingka Seide
2740,Ultramar & Pigments
2741,Uttam Sugar Mills
2742,Sterling Tools
2743,RIR Power Electronic
2744,RK Swamy
2745,ButterflyGandhimathi
2746,Control Print
2747,Antony Waste Hand
2748,BMW Industries
2749,Avadh Sugar & Energy
2750,Dynamic Cables
2751,Xchanging Solutions
2752,Trident Techlabs
2753,Panorama Studios Int
2754,Systematix Corp Serv
2755,GIC Housing Fin
2756,Walchandnagar Inds
2757,Mafatlal Inds
2758,AVT Natural Prod
2759,Aptech
2760,Nelcast
2761,One Point OneSolutin
2762,ICE MakeRefrigeratio
2763,Eimco Elecon (India)
2764,Kirloskar Electric
2765,Assoc Alcohols &Brew
2766,Steelcast
2767,Oriental Aromatics
2768,Asian Star Co
2769,Alphalogic Techsys
2770,Gulshan Polyols
2771,Wonder Electricals
2772,Krishna Defence & Al
2773,Veranda Learning Sln
2774,Dhunseri Ventures
2775,GPT Healthcare
2776,BEML Land Assets
2777,Satia Industries
2778,RACL Geartech
2779,Allcargo Terminal
2780,Max India
2781,Mercury Metals
2782,TCC Concept
2783,Snowman Logistics
2784,Kamdhenu Ventures
2785,Monte Carlo Fashions
2786,Lincoln Pharma
2787,Jay Bharat Maruti
2788,Saint-Gobain Sekurit
2789,Lancer Container
2790,Marsons
2791,Solex Energy
2792,Kopran
2793,Urja Global
2794,Shalimar Paints
2795,Coffee Day Enter.
2796,Ramco Systems
2797,Syncom Formulations
2798,Rhetan TMT
2799,Valiant Organics
2800,Raj Rayon Industries
2801,Eco Recycling
2802,Indo Rama Synth
2803,Hind Rectifiers
2804,Heubach Colorants(I)
2805,Enkei Wheels
2806,Beta Drugs
2807,Suyog Telematics
2808,Orient Paper & Inds.
2809,Uniphos Enterprises
2810,Infobeans Tech.
2811,Meson Valves India
2812,Platinum Industries
2813,Asian Energy Service
2814,Entertain. Network
2815,Hubtown
2816,Sakuma Exports
2817,Anuh Pharma
2818,Manoj Vaibhav Gems
2819,Crest Ventures
2820,GRM Overseas
2821,Benares Hotels
2822,Cosmic CRF
2823,Tuticorin Alkali Che
2824,Foods & Inns
2825,The Yamuna Syndicate
2826,Magadh Sugar & Energ
2827,Sandesh
2828,Dhanlaxmi Bank
2829,Hardwyn India
2830,Eraaya Lifespaces
2831,Remus Pharmaceutical
2832,IST
2833,Essar Shipping
2834,Credo Brands Mktg
2835,Kellton Tech Solut.
2836,Creative Newtech
2837,Vilas Transcore
2838,Bliss GVS Pharma
2839,Sastasundar Ventures
2840,Chaman Lal Setia Exp
2841,AGS Transact Tech
2842,NCL Industries
2843,Vimta Labs
2844,Ester Inds
2845,Ganesh Benzoplast
2846,Vardhman Holdings
2847,Prakash Pipes
2848,Selan Exploratn Tech
2849,Shree Ganesh Remed.
2850,Vikas Lifecare
2851,Eldeco Housing & Ind
2852,Jagatjit Inds.
2853,Krystal Integrated
2854,CSL Finance
2855,Sat Industries
2856,Innovana Thinklabs
2857,Ravindra Energy
2858,Transindia Real Est
2859,Alliance Integrated
2860,Sar Auto Products
2861,Aurum Proptech
2862,Emkay Taps & Cutting
2863,Sportking India
2864,AGI Infra
2865,Pudumjee Paper
2866,Elin Electronics
2867,Jaybharat Textiles
2868,Zuari Industries
2869,Sutlej Textiles&Inds
2870,Khazanchi Jewellers
2871,Visaka Inds.
2872,Andhra Petrochem
2873,K&R Rail Engineering
2874,MSP Steel & Power
2875,Mukka Proteins
2876,Dhampur Bio Organics
2877,SPML Infra
2878,Faze Three
2879,Cropster Agro
2880,Royal Orchid Hotels
2881,Pakka
2882,Renaissance Global
2883,Bodal Chemicals
2884,Nahar Spinning Mills
2885,Transpek Industry
2886,JG Chemicals
2887,Fedders Holding
2888,Tracxn Technologies
2889,Axtel Inds.
2890,Basilic Fly Studio
2891,Windsor Machines
2892,3B Blackbio Dx
2893,TGV SRACC
2894,Electrotherm India
2895,Algoquant Fintech
2896,Silver Touch Tech.
2897,Chemcon Speciality
2898,Primo Chemicals
2899,Permanent Magnets
2900,Pondy Oxides & Chem.
2901,Gandhi Spl. Tubes
2902,Newtime Infra
2903,TAAL Enterprises
2904,Kotyark Industries
2905,EKI Energy Services
2906,Vasa Denticity
2907,Aditya Birla Money
2908,Jayant Agro-Organics
2909,Oswal Greentech
2910,Asian Granito India
2911,Deccan Cements
2912,Ugar Sugar Works
2913,Repro India
2914,Munjal Auto Inds
2915,Moneyboxx Finance
2916,NDR Auto Components
2917,Cheviot Company
2918,Danlaw Technology
2919,Global Surfaces
2920,VLS Finance
2921,ZF Steering Gear (I)
2922,Sree Rayal.Hi-Strent
2923,Sical Logistics
2924,RSWM
2925,Kriti Industries (I)
2926,Shivalik Rasayan
2927,SBC Exports
2928,Nintec Systems
2929,Onward Technologies
2930,Gloster
2931,Ambika Cotton Mills
2932,Dharmaj Crop Guard
2933,Giriraj Civil Dev.
2934,Zuari Agro Chemicals
2935,Bharat Parenterals
2936,Jaykay Enterprises
2937,Chemfab Alkalis
2938,State Trading Corp
2939,Indo Amines
2940,Jagsonpal Pharma
2941,HP Adhesives
2942,Rushil Decor
2943,Bajaj Healthcare
2944,Andhra Cements
2945,Zee Media Corpn.
2946,Indl & Prud Invts
2947,W.S. Industries
2948,Linc
2949,Aimtron Electronics
2950,Ritesh Properties
2951,UP Hotels
2952,De Nora India
2953,Australian Premium
2954,Drone Destination
2955,Radiant Cash Mgmnt.
2956,Sarveshwar Foods
2957,Hexa Tradex
2958,Veljan Denison
2959,Allied Digital Serv.
2960,Voith Paper Fabrics
2961,MKVentures Cap
2962,Davangere Sugar Co
2963,Morganite Crucible(I
2964,Suraj Products
2965,Chembond Chemicals
2966,GFL
2967,Speciality Restauran
2968,Zodiac Energy
2969,Kisan Mouldings
2970,Kothari Petrochem
2971,Rajapalayam Mills
2972,Wealth First Port
2973,Simplex Infrastruct.
2974,Integra Engineering
2975,Capital India
2976,Arrow Greentech
2977,Forbes & Company
2978,Tantia Constructions
2979,Lokesh Machines
2980,Spencer's Retail
2981,GHCL Textiles
2982,Nagarjuna Fertilizer
2983,TN Petro Products
2984,Ceinsys Tech
2985,Digispice Technolog
2986,Tribhovandas Bhimji
2987,Panacea Biotec
2988,Artemis Electricals
2989,S Chand And Co
2990,Virtuoso Optoelectro
2991,Macfos
2992,STEL Holdings
2993,GeeCee Ventures
2994,Vintage Coffee & Bev
2995,DMCC Speciality Chem
2996,Jindal Poly Invest
2997,NR Agarwal Inds
2998,KSE